trialnum,filename,facehouse,girlboy
0,visual\face_house\faces\Estelle_3.jpg,1,0
1,visual\face_house\houses\house9.3.jpg,0,0
2,visual\face_house\houses\house4.3.jpg,0,0
3,visual\face_house\houses\house6.3.jpg,0,0
4,visual\face_house\houses\house12.3.jpg,0,0
5,visual\face_house\houses\house3.3.jpg,0,0
6,visual\face_house\houses\house2.3.jpg,0,0
7,visual\face_house\houses\house7.3.jpg,0,0
8,visual\face_house\faces\Don_3.jpg,1,1
9,visual\face_house\faces\Jodi_3.jpg,1,0
10,visual\face_house\houses\house7.3.jpg,0,0
11,visual\face_house\faces\Don_3.jpg,1,1
12,visual\face_house\houses\house6.3.jpg,0,1
13,visual\face_house\faces\Frank_3.jpg,1,1
14,visual\face_house\faces\Wallace_3.jpg,1,1
15,visual\face_house\houses\house10.3.jpg,0,1
16,visual\face_house\houses\house2.3.jpg,0,1
17,visual\face_house\houses\house5.3.jpg,0,1
18,visual\face_house\houses\house4.3.jpg,0,1
19,visual\face_house\houses\house8.3.jpg,0,1
20,visual\face_house\houses\house6.3.jpg,0,1
21,visual\face_house\houses\house1.3.jpg,0,1
22,visual\face_house\houses\house10.3.jpg,0,1
23,visual\face_house\faces\Tim_3.jpg,1,1
24,visual\face_house\faces\Blake_3.jpg,1,1
25,visual\face_house\houses\house4.3.jpg,0,1
26,visual\face_house\houses\house12.3.jpg,0,1
27,visual\face_house\houses\house8.3.jpg,0,1
28,visual\face_house\faces\Joan_3.jpg,1,0
29,visual\face_house\houses\house9.3.jpg,0,0
30,visual\face_house\faces\Wallace_3.jpg,1,1
31,visual\face_house\houses\house11.3.jpg,0,1
32,visual\face_house\faces\Janie_3.jpg,1,0
33,visual\face_house\faces\Joe_3.jpg,1,1
34,visual\face_house\faces\Wallace_3.jpg,1,1
35,visual\face_house\houses\house4.3.jpg,0,1
36,visual\face_house\houses\house7.3.jpg,0,1
37,visual\face_house\faces\Don_3.jpg,1,1
38,visual\face_house\houses\house8.3.jpg,0,1
39,visual\face_house\houses\house1.3.jpg,0,1
40,visual\face_house\houses\house4.3.jpg,0,1
41,visual\face_house\houses\house1.3.jpg,0,1
42,visual\face_house\houses\house10.3.jpg,0,1
43,visual\face_house\houses\house12.3.jpg,0,1
44,visual\face_house\houses\house4.3.jpg,0,1
45,visual\face_house\faces\Don_3.jpg,1,1
46,visual\face_house\faces\Tom_3.jpg,1,1
47,visual\face_house\houses\house12.3.jpg,0,1
48,visual\face_house\houses\house8.3.jpg,0,1
49,visual\face_house\faces\Tom_3.jpg,1,1
50,visual\face_house\faces\Annie_3.jpg,1,0
51,visual\face_house\houses\house9.3.jpg,0,0
52,visual\face_house\houses\house8.3.jpg,0,0
53,visual\face_house\faces\Wallace_3.jpg,1,1
54,visual\face_house\houses\house2.3.jpg,0,1
55,visual\face_house\faces\Blake_3.jpg,1,1
56,visual\face_house\houses\house9.3.jpg,0,1
57,visual\face_house\faces\Annie_3.jpg,1,0
58,visual\face_house\houses\house12.3.jpg,0,0
59,visual\face_house\houses\house8.3.jpg,0,0
60,visual\face_house\faces\Jodi_3.jpg,1,0
61,visual\face_house\houses\house7.3.jpg,0,0
62,visual\face_house\houses\house12.3.jpg,0,0
63,visual\face_house\faces\Joe_3.jpg,1,1
64,visual\face_house\faces\Estelle_3.jpg,1,0
65,visual\face_house\faces\Joe_3.jpg,1,1
66,visual\face_house\faces\Joan_3.jpg,1,0
67,visual\face_house\houses\house6.3.jpg,0,0
68,visual\face_house\faces\Annie_3.jpg,1,0
69,visual\face_house\faces\Joan_3.jpg,1,0
70,visual\face_house\houses\house6.3.jpg,0,0
71,visual\face_house\faces\Joe_3.jpg,1,1
72,visual\face_house\houses\house4.3.jpg,0,1
73,visual\face_house\houses\house4.3.jpg,0,1
74,visual\face_house\houses\house2.3.jpg,0,1
75,visual\face_house\faces\Frank_3.jpg,1,1
76,visual\face_house\houses\house11.3.jpg,0,1
77,visual\face_house\faces\Estelle_3.jpg,1,0
78,visual\face_house\faces\Joan_3.jpg,1,0
79,visual\face_house\houses\house3.3.jpg,0,0
80,visual\face_house\faces\Blake_3.jpg,1,1
81,visual\face_house\houses\house12.3.jpg,0,1
82,visual\face_house\houses\house10.3.jpg,0,1
83,visual\face_house\faces\Jodi_3.jpg,1,0
84,visual\face_house\houses\house6.3.jpg,0,0
85,visual\face_house\houses\house7.3.jpg,0,0
86,visual\face_house\houses\house10.3.jpg,0,0
87,visual\face_house\houses\house5.3.jpg,0,0
88,visual\face_house\faces\Joe_3.jpg,1,1
89,visual\face_house\faces\Wallace_3.jpg,1,1
90,visual\face_house\houses\house11.3.jpg,0,1
91,visual\face_house\faces\Frank_3.jpg,1,1
92,visual\face_house\houses\house12.3.jpg,0,1
93,visual\face_house\faces\Jodi_3.jpg,1,0
94,visual\face_house\houses\house2.3.jpg,0,0
95,visual\face_house\faces\Joe_3.jpg,1,1
96,visual\face_house\houses\house11.3.jpg,0,1
97,visual\face_house\houses\house5.3.jpg,0,1
98,visual\face_house\houses\house7.3.jpg,0,1
99,visual\face_house\faces\Joan_3.jpg,1,0
100,visual\face_house\faces\Joan_3.jpg,1,0
101,visual\face_house\faces\Jodi_3.jpg,1,0
102,visual\face_house\houses\house5.3.jpg,0,0
103,visual\face_house\faces\Wallace_3.jpg,1,1
104,visual\face_house\houses\house2.3.jpg,0,1
105,visual\face_house\houses\house5.3.jpg,0,1
106,visual\face_house\faces\Estelle_3.jpg,1,0
107,visual\face_house\houses\house8.3.jpg,0,0
108,visual\face_house\faces\Joan_3.jpg,1,0
109,visual\face_house\houses\house12.3.jpg,0,0
110,visual\face_house\houses\house6.3.jpg,0,0
111,visual\face_house\houses\house3.3.jpg,0,0
112,visual\face_house\faces\Tim_3.jpg,1,1
113,visual\face_house\houses\house9.3.jpg,0,1
114,visual\face_house\faces\Wallace_3.jpg,1,1
115,visual\face_house\houses\house10.3.jpg,0,1
116,visual\face_house\faces\Joan_3.jpg,1,0
117,visual\face_house\faces\Joe_3.jpg,1,1
118,visual\face_house\houses\house10.3.jpg,0,1
119,visual\face_house\houses\house4.3.jpg,0,1
120,visual\face_house\houses\house12.3.jpg,0,1
121,visual\face_house\faces\Janie_3.jpg,1,0
122,visual\face_house\faces\Tom_3.jpg,1,1
123,visual\face_house\houses\house6.3.jpg,0,1
124,visual\face_house\faces\Joe_3.jpg,1,1
125,visual\face_house\faces\Estelle_3.jpg,1,0
126,visual\face_house\faces\Estelle_3.jpg,1,0
127,visual\face_house\faces\Blake_3.jpg,1,1
128,visual\face_house\houses\house4.3.jpg,0,1
129,visual\face_house\houses\house2.3.jpg,0,1
130,visual\face_house\houses\house4.3.jpg,0,1
131,visual\face_house\faces\Frank_3.jpg,1,1
132,visual\face_house\houses\house7.3.jpg,0,1
133,visual\face_house\faces\Tom_3.jpg,1,1
134,visual\face_house\houses\house11.3.jpg,0,1
135,visual\face_house\faces\Joe_3.jpg,1,1
136,visual\face_house\houses\house1.3.jpg,0,1
137,visual\face_house\houses\house6.3.jpg,0,1
138,visual\face_house\faces\Tim_3.jpg,1,1
139,visual\face_house\houses\house10.3.jpg,0,1
140,visual\face_house\faces\Joan_3.jpg,1,0
141,visual\face_house\houses\house8.3.jpg,0,0
142,visual\face_house\faces\Wallace_3.jpg,1,1
143,visual\face_house\faces\Janie_3.jpg,1,0
144,visual\face_house\faces\Estelle_3.jpg,1,0
145,visual\face_house\faces\Annie_3.jpg,1,0
146,visual\face_house\houses\house10.3.jpg,0,0
147,visual\face_house\houses\house3.3.jpg,0,0
148,visual\face_house\faces\Blake_3.jpg,1,1
149,visual\face_house\faces\Frank_3.jpg,1,1
150,visual\face_house\houses\house4.3.jpg,0,1
151,visual\face_house\faces\Don_3.jpg,1,1
152,visual\face_house\faces\Tim_3.jpg,1,1
153,visual\face_house\faces\Joe_3.jpg,1,1
154,visual\face_house\houses\house10.3.jpg,0,1
155,visual\face_house\faces\Blake_3.jpg,1,1
156,visual\face_house\faces\Joe_3.jpg,1,1
157,visual\face_house\faces\Frank_3.jpg,1,1
158,visual\face_house\faces\Joan_3.jpg,1,0
159,visual\face_house\faces\Annie_3.jpg,1,0
160,visual\face_house\houses\house5.3.jpg,0,0
161,visual\face_house\faces\Blake_3.jpg,1,1
162,visual\face_house\faces\Frank_3.jpg,1,1
163,visual\face_house\houses\house5.3.jpg,0,1
164,visual\face_house\houses\house3.3.jpg,0,1
165,visual\face_house\houses\house3.3.jpg,0,1
166,visual\face_house\faces\Joe_3.jpg,1,1
167,visual\face_house\houses\house6.3.jpg,0,1
168,visual\face_house\faces\Don_3.jpg,1,1
169,visual\face_house\faces\Tim_3.jpg,1,1
170,visual\face_house\houses\house7.3.jpg,0,1
171,visual\face_house\houses\house12.3.jpg,0,1
172,visual\face_house\houses\house5.3.jpg,0,1
173,visual\face_house\faces\Frank_3.jpg,1,1
174,visual\face_house\houses\house1.3.jpg,0,1
175,visual\face_house\faces\Joe_3.jpg,1,1
176,visual\face_house\houses\house9.3.jpg,0,1
177,visual\face_house\faces\Wallace_3.jpg,1,1
178,visual\face_house\faces\Jodi_3.jpg,1,0
179,visual\face_house\faces\Tim_3.jpg,1,1
180,visual\face_house\houses\house2.3.jpg,0,1
181,visual\face_house\houses\house5.3.jpg,0,1
182,visual\face_house\faces\Blake_3.jpg,1,1
183,visual\face_house\faces\Estelle_3.jpg,1,0
184,visual\face_house\houses\house6.3.jpg,0,0
185,visual\face_house\faces\Jodi_3.jpg,1,0
186,visual\face_house\faces\Blake_3.jpg,1,1
187,visual\face_house\faces\Joan_3.jpg,1,0
188,visual\face_house\houses\house1.3.jpg,0,0
189,visual\face_house\houses\house11.3.jpg,0,0
190,visual\face_house\faces\Annie_3.jpg,1,0
191,visual\face_house\houses\house6.3.jpg,0,0
192,visual\face_house\faces\Jodi_3.jpg,1,0
193,visual\face_house\houses\house6.3.jpg,0,0
194,visual\face_house\faces\Janie_3.jpg,1,0
195,visual\face_house\houses\house8.3.jpg,0,0
196,visual\face_house\faces\Annie_3.jpg,1,0
197,visual\face_house\houses\house11.3.jpg,0,0
198,visual\face_house\faces\Frank_3.jpg,1,1
199,visual\face_house\houses\house9.3.jpg,0,1
200,visual\face_house\faces\Blake_3.jpg,1,1
201,visual\face_house\faces\Tom_3.jpg,1,1
202,visual\face_house\faces\Wallace_3.jpg,1,1
203,visual\face_house\faces\Annie_3.jpg,1,0
204,visual\face_house\houses\house3.3.jpg,0,0
205,visual\face_house\houses\house10.3.jpg,0,0
206,visual\face_house\faces\Wallace_3.jpg,1,1
207,visual\face_house\houses\house4.3.jpg,0,1
208,visual\face_house\faces\Don_3.jpg,1,1
209,visual\face_house\faces\Frank_3.jpg,1,1
210,visual\face_house\faces\Tim_3.jpg,1,1
211,visual\face_house\faces\Joe_3.jpg,1,1
212,visual\face_house\faces\Tom_3.jpg,1,1
213,visual\face_house\faces\Joan_3.jpg,1,0
214,visual\face_house\houses\house1.3.jpg,0,0
215,visual\face_house\houses\house12.3.jpg,0,0
216,visual\face_house\faces\Wallace_3.jpg,1,1
217,visual\face_house\faces\Tim_3.jpg,1,1
218,visual\face_house\houses\house1.3.jpg,0,1
219,visual\face_house\faces\Frank_3.jpg,1,1
220,visual\face_house\faces\Joe_3.jpg,1,1
221,visual\face_house\houses\house5.3.jpg,0,1
222,visual\face_house\faces\Tom_3.jpg,1,1
223,visual\face_house\houses\house1.3.jpg,0,1
224,visual\face_house\houses\house1.3.jpg,0,1
225,visual\face_house\faces\Don_3.jpg,1,1
226,visual\face_house\faces\Wallace_3.jpg,1,1
227,visual\face_house\faces\Don_3.jpg,1,1
228,visual\face_house\faces\Jodi_3.jpg,1,0
229,visual\face_house\faces\Estelle_3.jpg,1,0
230,visual\face_house\houses\house4.3.jpg,0,0
231,visual\face_house\houses\house8.3.jpg,0,0
232,visual\face_house\houses\house7.3.jpg,0,0
233,visual\face_house\houses\house11.3.jpg,0,0
234,visual\face_house\houses\house1.3.jpg,0,0
235,visual\face_house\houses\house5.3.jpg,0,0
236,visual\face_house\faces\Janie_3.jpg,1,0
237,visual\face_house\houses\house12.3.jpg,0,0
238,visual\face_house\houses\house12.3.jpg,0,0
239,visual\face_house\houses\house12.3.jpg,0,0
240,visual\face_house\houses\house7.3.jpg,0,0
241,visual\face_house\houses\house4.3.jpg,0,0
242,visual\face_house\houses\house1.3.jpg,0,0
243,visual\face_house\faces\Wallace_3.jpg,1,1
244,visual\face_house\faces\Frank_3.jpg,1,1
245,visual\face_house\faces\Tim_3.jpg,1,1
246,visual\face_house\faces\Blake_3.jpg,1,1
247,visual\face_house\faces\Jodi_3.jpg,1,0
248,visual\face_house\faces\Joe_3.jpg,1,1
249,visual\face_house\houses\house3.3.jpg,0,1
250,visual\face_house\houses\house11.3.jpg,0,1
251,visual\face_house\faces\Annie_3.jpg,1,0
252,visual\face_house\houses\house10.3.jpg,0,0
253,visual\face_house\faces\Annie_3.jpg,1,0
254,visual\face_house\houses\house10.3.jpg,0,0
255,visual\face_house\faces\Joe_3.jpg,1,1
256,visual\face_house\houses\house8.3.jpg,0,1
257,visual\face_house\houses\house3.3.jpg,0,1
258,visual\face_house\houses\house11.3.jpg,0,1
259,visual\face_house\faces\Joe_3.jpg,1,1
260,visual\face_house\houses\house1.3.jpg,0,1
261,visual\face_house\houses\house1.3.jpg,0,1
262,visual\face_house\houses\house11.3.jpg,0,1
263,visual\face_house\houses\house10.3.jpg,0,1
264,visual\face_house\faces\Frank_3.jpg,1,1
265,visual\face_house\faces\Wallace_3.jpg,1,1
266,visual\face_house\faces\Jodi_3.jpg,1,0
267,visual\face_house\houses\house10.3.jpg,0,0
268,visual\face_house\faces\Joe_3.jpg,1,1
269,visual\face_house\faces\Jodi_3.jpg,1,0
270,visual\face_house\houses\house9.3.jpg,0,0
271,visual\face_house\faces\Joe_3.jpg,1,1
272,visual\face_house\houses\house9.3.jpg,0,1
273,visual\face_house\houses\house12.3.jpg,0,1
274,visual\face_house\houses\house6.3.jpg,0,1
275,visual\face_house\houses\house6.3.jpg,0,1
276,visual\face_house\faces\Jodi_3.jpg,1,0
277,visual\face_house\houses\house6.3.jpg,0,0
278,visual\face_house\faces\Wallace_3.jpg,1,1
279,visual\face_house\faces\Joan_3.jpg,1,0
280,visual\face_house\houses\house8.3.jpg,0,0
281,visual\face_house\faces\Jodi_3.jpg,1,0
282,visual\face_house\faces\Joe_3.jpg,1,1
283,visual\face_house\houses\house4.3.jpg,0,1
284,visual\face_house\faces\Estelle_3.jpg,1,0
285,visual\face_house\faces\Janie_3.jpg,1,0
286,visual\face_house\faces\Tim_3.jpg,1,1
287,visual\face_house\houses\house11.3.jpg,0,1
288,visual\face_house\faces\Frank_3.jpg,1,1
289,visual\face_house\faces\Annie_3.jpg,1,0
290,visual\face_house\faces\Joan_3.jpg,1,0
291,visual\face_house\houses\house8.3.jpg,0,0
292,visual\face_house\houses\house7.3.jpg,0,0
293,visual\face_house\faces\Don_3.jpg,1,1
294,visual\face_house\houses\house7.3.jpg,0,1
295,visual\face_house\faces\Tom_3.jpg,1,1
296,visual\face_house\faces\Joe_3.jpg,1,1
297,visual\face_house\houses\house9.3.jpg,0,1
298,visual\face_house\houses\house7.3.jpg,0,1
299,visual\face_house\houses\house8.3.jpg,0,1
300,visual\face_house\houses\house8.3.jpg,0,1
301,visual\face_house\houses\house10.3.jpg,0,1
302,visual\face_house\faces\Tom_3.jpg,1,1
303,visual\face_house\faces\Frank_3.jpg,1,1
304,visual\face_house\faces\Wallace_3.jpg,1,1
305,visual\face_house\houses\house1.3.jpg,0,1
306,visual\face_house\faces\Estelle_3.jpg,1,0
307,visual\face_house\houses\house7.3.jpg,0,0
308,visual\face_house\houses\house7.3.jpg,0,0
309,visual\face_house\faces\Estelle_3.jpg,1,0
310,visual\face_house\faces\Joan_3.jpg,1,0
311,visual\face_house\faces\Blake_3.jpg,1,1
312,visual\face_house\houses\house7.3.jpg,0,1
313,visual\face_house\faces\Blake_3.jpg,1,1
314,visual\face_house\houses\house7.3.jpg,0,1
315,visual\face_house\faces\Estelle_3.jpg,1,0
316,visual\face_house\faces\Don_3.jpg,1,1
317,visual\face_house\faces\Joe_3.jpg,1,1
318,visual\face_house\faces\Janie_3.jpg,1,0
319,visual\face_house\faces\Don_3.jpg,1,1
320,visual\face_house\faces\Estelle_3.jpg,1,0
321,visual\face_house\faces\Jodi_3.jpg,1,0
322,visual\face_house\faces\Don_3.jpg,1,1
323,visual\face_house\houses\house11.3.jpg,0,1
324,visual\face_house\faces\Estelle_3.jpg,1,0
325,visual\face_house\houses\house8.3.jpg,0,0
326,visual\face_house\faces\Annie_3.jpg,1,0
327,visual\face_house\houses\house9.3.jpg,0,0
328,visual\face_house\houses\house11.3.jpg,0,0
329,visual\face_house\houses\house1.3.jpg,0,0
330,visual\face_house\faces\Don_3.jpg,1,1
331,visual\face_house\houses\house7.3.jpg,0,1
332,visual\face_house\houses\house9.3.jpg,0,1
333,visual\face_house\faces\Don_3.jpg,1,1
334,visual\face_house\faces\Wallace_3.jpg,1,1
335,visual\face_house\houses\house5.3.jpg,0,1
336,visual\face_house\houses\house3.3.jpg,0,1
337,visual\face_house\houses\house8.3.jpg,0,1
338,visual\face_house\houses\house5.3.jpg,0,1
339,visual\face_house\faces\Don_3.jpg,1,1
340,visual\face_house\houses\house2.3.jpg,0,1
341,visual\face_house\faces\Tom_3.jpg,1,1
342,visual\face_house\houses\house2.3.jpg,0,1
343,visual\face_house\faces\Tom_3.jpg,1,1
344,visual\face_house\houses\house9.3.jpg,0,1
345,visual\face_house\faces\Blake_3.jpg,1,1
346,visual\face_house\faces\Joan_3.jpg,1,0
347,visual\face_house\houses\house5.3.jpg,0,0
348,visual\face_house\houses\house8.3.jpg,0,0
349,visual\face_house\faces\Jodi_3.jpg,1,0
350,visual\face_house\houses\house11.3.jpg,0,0
351,visual\face_house\houses\house12.3.jpg,0,0
352,visual\face_house\houses\house3.3.jpg,0,0
353,visual\face_house\houses\house3.3.jpg,0,0
354,visual\face_house\faces\Tom_3.jpg,1,1
355,visual\face_house\houses\house11.3.jpg,0,1
356,visual\face_house\houses\house8.3.jpg,0,1
357,visual\face_house\houses\house5.3.jpg,0,1
358,visual\face_house\faces\Joan_3.jpg,1,0
359,visual\face_house\faces\Janie_3.jpg,1,0
360,visual\face_house\houses\house11.3.jpg,0,0
361,visual\face_house\houses\house11.3.jpg,0,0
362,visual\face_house\faces\Estelle_3.jpg,1,0
363,visual\face_house\faces\Estelle_3.jpg,1,0
364,visual\face_house\houses\house5.3.jpg,0,0
365,visual\face_house\houses\house7.3.jpg,0,0
366,visual\face_house\houses\house1.3.jpg,0,0
367,visual\face_house\houses\house4.3.jpg,0,0
368,visual\face_house\faces\Joe_3.jpg,1,1
369,visual\face_house\faces\Don_3.jpg,1,1
370,visual\face_house\houses\house2.3.jpg,0,1
371,visual\face_house\houses\house11.3.jpg,0,1
372,visual\face_house\houses\house9.3.jpg,0,1
373,visual\face_house\houses\house12.3.jpg,0,1
374,visual\face_house\houses\house5.3.jpg,0,1
375,visual\face_house\houses\house3.3.jpg,0,1
376,visual\face_house\houses\house2.3.jpg,0,1
377,visual\face_house\houses\house6.3.jpg,0,1
378,visual\face_house\faces\Janie_3.jpg,1,0
379,visual\face_house\houses\house12.3.jpg,0,0
380,visual\face_house\faces\Janie_3.jpg,1,0
381,visual\face_house\houses\house3.3.jpg,0,0
382,visual\face_house\faces\Tim_3.jpg,1,1
383,visual\face_house\houses\house11.3.jpg,0,1
384,visual\face_house\houses\house9.3.jpg,0,1
385,visual\face_house\faces\Don_3.jpg,1,1
386,visual\face_house\faces\Tom_3.jpg,1,1
387,visual\face_house\faces\Frank_3.jpg,1,1
388,visual\face_house\houses\house11.3.jpg,0,1
389,visual\face_house\faces\Jodi_3.jpg,1,0
390,visual\face_house\houses\house11.3.jpg,0,0
391,visual\face_house\faces\Wallace_3.jpg,1,1
392,visual\face_house\faces\Tom_3.jpg,1,1
393,visual\face_house\faces\Joe_3.jpg,1,1
394,visual\face_house\faces\Joan_3.jpg,1,0
395,visual\face_house\houses\house10.3.jpg,0,0
396,visual\face_house\houses\house5.3.jpg,0,0
397,visual\face_house\faces\Blake_3.jpg,1,1
398,visual\face_house\houses\house6.3.jpg,0,1
399,visual\face_house\faces\Annie_3.jpg,1,0
400,visual\face_house\houses\house4.3.jpg,0,0
401,visual\face_house\faces\Annie_3.jpg,1,0
402,visual\face_house\faces\Joan_3.jpg,1,0
403,visual\face_house\houses\house1.3.jpg,0,0
404,visual\face_house\faces\Blake_3.jpg,1,1
405,visual\face_house\faces\Estelle_3.jpg,1,0
406,visual\face_house\faces\Estelle_3.jpg,1,0
407,visual\face_house\faces\Wallace_3.jpg,1,1
408,visual\face_house\faces\Estelle_3.jpg,1,0
409,visual\face_house\faces\Tim_3.jpg,1,1
410,visual\face_house\faces\Joan_3.jpg,1,0
411,visual\face_house\faces\Frank_3.jpg,1,1
412,visual\face_house\faces\Blake_3.jpg,1,1
413,visual\face_house\houses\house1.3.jpg,0,1
414,visual\face_house\faces\Wallace_3.jpg,1,1
415,visual\face_house\houses\house8.3.jpg,0,1
416,visual\face_house\faces\Estelle_3.jpg,1,0
417,visual\face_house\faces\Janie_3.jpg,1,0
418,visual\face_house\houses\house7.3.jpg,0,0
419,visual\face_house\houses\house1.3.jpg,0,0
420,visual\face_house\faces\Tom_3.jpg,1,1
421,visual\face_house\houses\house3.3.jpg,0,1
422,visual\face_house\houses\house5.3.jpg,0,1
423,visual\face_house\faces\Tim_3.jpg,1,1
424,visual\face_house\houses\house4.3.jpg,0,1
425,visual\face_house\faces\Joan_3.jpg,1,0
426,visual\face_house\faces\Tom_3.jpg,1,1
427,visual\face_house\faces\Joan_3.jpg,1,0
428,visual\face_house\houses\house7.3.jpg,0,0
429,visual\face_house\faces\Blake_3.jpg,1,1
430,visual\face_house\houses\house3.3.jpg,0,1
431,visual\face_house\houses\house4.3.jpg,0,1
432,visual\face_house\houses\house7.3.jpg,0,1
433,visual\face_house\faces\Joe_3.jpg,1,1
434,visual\face_house\faces\Jodi_3.jpg,1,0
435,visual\face_house\faces\Tom_3.jpg,1,1
436,visual\face_house\faces\Jodi_3.jpg,1,0
437,visual\face_house\houses\house8.3.jpg,0,0
438,visual\face_house\houses\house3.3.jpg,0,0
439,visual\face_house\faces\Tom_3.jpg,1,1
440,visual\face_house\faces\Jodi_3.jpg,1,0
441,visual\face_house\houses\house1.3.jpg,0,0
442,visual\face_house\houses\house5.3.jpg,0,0
443,visual\face_house\faces\Tom_3.jpg,1,1
444,visual\face_house\houses\house1.3.jpg,0,1
445,visual\face_house\faces\Joe_3.jpg,1,1
446,visual\face_house\houses\house10.3.jpg,0,1
447,visual\face_house\faces\Joe_3.jpg,1,1
448,visual\face_house\houses\house4.3.jpg,0,1
449,visual\face_house\houses\house1.3.jpg,0,1
450,visual\face_house\faces\Don_3.jpg,1,1
451,visual\face_house\houses\house6.3.jpg,0,1
452,visual\face_house\faces\Blake_3.jpg,1,1
453,visual\face_house\houses\house4.3.jpg,0,1
454,visual\face_house\houses\house6.3.jpg,0,1
455,visual\face_house\faces\Joe_3.jpg,1,1
456,visual\face_house\faces\Estelle_3.jpg,1,0
457,visual\face_house\houses\house12.3.jpg,0,0
458,visual\face_house\faces\Tom_3.jpg,1,1
459,visual\face_house\houses\house11.3.jpg,0,1
460,visual\face_house\faces\Frank_3.jpg,1,1
461,visual\face_house\faces\Jodi_3.jpg,1,0
462,visual\face_house\houses\house2.3.jpg,0,0
463,visual\face_house\faces\Blake_3.jpg,1,1
464,visual\face_house\faces\Tim_3.jpg,1,1
465,visual\face_house\houses\house2.3.jpg,0,1
466,visual\face_house\faces\Jodi_3.jpg,1,0
467,visual\face_house\faces\Jodi_3.jpg,1,0
468,visual\face_house\houses\house1.3.jpg,0,0
469,visual\face_house\houses\house10.3.jpg,0,0
470,visual\face_house\faces\Annie_3.jpg,1,0
471,visual\face_house\faces\Janie_3.jpg,1,0
472,visual\face_house\houses\house9.3.jpg,0,0
473,visual\face_house\faces\Estelle_3.jpg,1,0
474,visual\face_house\houses\house9.3.jpg,0,0
475,visual\face_house\faces\Don_3.jpg,1,1
476,visual\face_house\faces\Jodi_3.jpg,1,0
477,visual\face_house\houses\house8.3.jpg,0,0
478,visual\face_house\houses\house6.3.jpg,0,0
479,visual\face_house\faces\Annie_3.jpg,1,0
480,visual\face_house\houses\house8.3.jpg,0,0
481,visual\face_house\faces\Jodi_3.jpg,1,0
482,visual\face_house\houses\house1.3.jpg,0,0
483,visual\face_house\houses\house1.3.jpg,0,0
484,visual\face_house\faces\Joe_3.jpg,1,1
485,visual\face_house\faces\Don_3.jpg,1,1
486,visual\face_house\houses\house1.3.jpg,0,1
487,visual\face_house\faces\Annie_3.jpg,1,0
488,visual\face_house\faces\Tom_3.jpg,1,1
489,visual\face_house\faces\Wallace_3.jpg,1,1
490,visual\face_house\faces\Tim_3.jpg,1,1
491,visual\face_house\faces\Joan_3.jpg,1,0
492,visual\face_house\houses\house4.3.jpg,0,0
493,visual\face_house\houses\house6.3.jpg,0,0
494,visual\face_house\houses\house12.3.jpg,0,0
495,visual\face_house\faces\Estelle_3.jpg,1,0
496,visual\face_house\houses\house12.3.jpg,0,0
497,visual\face_house\houses\house2.3.jpg,0,0
498,visual\face_house\houses\house8.3.jpg,0,0
499,visual\face_house\faces\Blake_3.jpg,1,1
500,visual\face_house\faces\Don_3.jpg,1,1
501,visual\face_house\faces\Estelle_3.jpg,1,0
502,visual\face_house\faces\Blake_3.jpg,1,1
503,visual\face_house\houses\house6.3.jpg,0,1
504,visual\face_house\faces\Annie_3.jpg,1,0
505,visual\face_house\faces\Joe_3.jpg,1,1
506,visual\face_house\faces\Jodi_3.jpg,1,0
507,visual\face_house\faces\Jodi_3.jpg,1,0
508,visual\face_house\houses\house4.3.jpg,0,0
509,visual\face_house\faces\Tim_3.jpg,1,1
510,visual\face_house\faces\Janie_3.jpg,1,0
511,visual\face_house\faces\Annie_3.jpg,1,0
512,visual\face_house\faces\Blake_3.jpg,1,1
513,visual\face_house\houses\house6.3.jpg,0,1
514,visual\face_house\faces\Blake_3.jpg,1,1
515,visual\face_house\faces\Frank_3.jpg,1,1
516,visual\face_house\houses\house12.3.jpg,0,1
517,visual\face_house\houses\house1.3.jpg,0,1
518,visual\face_house\houses\house10.3.jpg,0,1
519,visual\face_house\houses\house7.3.jpg,0,1
520,visual\face_house\faces\Jodi_3.jpg,1,0
521,visual\face_house\faces\Joan_3.jpg,1,0
522,visual\face_house\houses\house9.3.jpg,0,0
523,visual\face_house\houses\house9.3.jpg,0,0
524,visual\face_house\houses\house8.3.jpg,0,0
525,visual\face_house\houses\house5.3.jpg,0,0
526,visual\face_house\houses\house11.3.jpg,0,0
527,visual\face_house\faces\Estelle_3.jpg,1,0
528,visual\face_house\faces\Frank_3.jpg,1,1
529,visual\face_house\faces\Joan_3.jpg,1,0
530,visual\face_house\houses\house9.3.jpg,0,0
531,visual\face_house\faces\Joe_3.jpg,1,1
532,visual\face_house\faces\Don_3.jpg,1,1
533,visual\face_house\faces\Tom_3.jpg,1,1
534,visual\face_house\faces\Estelle_3.jpg,1,0
535,visual\face_house\houses\house3.3.jpg,0,0
536,visual\face_house\faces\Joe_3.jpg,1,1
537,visual\face_house\houses\house12.3.jpg,0,1
538,visual\face_house\houses\house3.3.jpg,0,1
539,visual\face_house\faces\Frank_3.jpg,1,1
540,visual\face_house\faces\Don_3.jpg,1,1
541,visual\face_house\faces\Tim_3.jpg,1,1
542,visual\face_house\houses\house6.3.jpg,0,1
543,visual\face_house\houses\house7.3.jpg,0,1
544,visual\face_house\houses\house5.3.jpg,0,1
545,visual\face_house\houses\house8.3.jpg,0,1
546,visual\face_house\faces\Estelle_3.jpg,1,0
547,visual\face_house\houses\house2.3.jpg,0,0
548,visual\face_house\houses\house8.3.jpg,0,0
549,visual\face_house\houses\house3.3.jpg,0,0
550,visual\face_house\houses\house5.3.jpg,0,0
551,visual\face_house\faces\Wallace_3.jpg,1,1
552,visual\face_house\faces\Don_3.jpg,1,1
553,visual\face_house\faces\Tim_3.jpg,1,1
554,visual\face_house\houses\house2.3.jpg,0,1
555,visual\face_house\faces\Estelle_3.jpg,1,0
556,visual\face_house\houses\house11.3.jpg,0,0
557,visual\face_house\faces\Janie_3.jpg,1,0
558,visual\face_house\houses\house9.3.jpg,0,0
559,visual\face_house\faces\Tom_3.jpg,1,1
560,visual\face_house\faces\Wallace_3.jpg,1,1
561,visual\face_house\faces\Tom_3.jpg,1,1
562,visual\face_house\faces\Joan_3.jpg,1,0
563,visual\face_house\houses\house5.3.jpg,0,0
564,visual\face_house\houses\house6.3.jpg,0,0
565,visual\face_house\faces\Don_3.jpg,1,1
566,visual\face_house\houses\house7.3.jpg,0,1
567,visual\face_house\houses\house9.3.jpg,0,1
568,visual\face_house\houses\house8.3.jpg,0,1
569,visual\face_house\faces\Wallace_3.jpg,1,1
570,visual\face_house\faces\Don_3.jpg,1,1
571,visual\face_house\houses\house5.3.jpg,0,1
572,visual\face_house\houses\house7.3.jpg,0,1
573,visual\face_house\houses\house10.3.jpg,0,1
574,visual\face_house\houses\house7.3.jpg,0,1
575,visual\face_house\faces\Estelle_3.jpg,1,0
576,visual\face_house\faces\Estelle_3.jpg,1,0
577,visual\face_house\houses\house10.3.jpg,0,0
578,visual\face_house\houses\house2.3.jpg,0,0
579,visual\face_house\faces\Don_3.jpg,1,1
580,visual\face_house\faces\Estelle_3.jpg,1,0
581,visual\face_house\houses\house8.3.jpg,0,0
582,visual\face_house\faces\Don_3.jpg,1,1
583,visual\face_house\faces\Jodi_3.jpg,1,0
584,visual\face_house\houses\house2.3.jpg,0,0
585,visual\face_house\houses\house4.3.jpg,0,0
586,visual\face_house\houses\house1.3.jpg,0,0
587,visual\face_house\houses\house4.3.jpg,0,0
588,visual\face_house\houses\house10.3.jpg,0,0
589,visual\face_house\houses\house4.3.jpg,0,0
590,visual\face_house\houses\house12.3.jpg,0,0
591,visual\face_house\houses\house10.3.jpg,0,0
592,visual\face_house\houses\house1.3.jpg,0,0
593,visual\face_house\houses\house6.3.jpg,0,0
594,visual\face_house\houses\house9.3.jpg,0,0
595,visual\face_house\faces\Jodi_3.jpg,1,0
596,visual\face_house\houses\house11.3.jpg,0,0
597,visual\face_house\houses\house8.3.jpg,0,0
598,visual\face_house\houses\house2.3.jpg,0,0
599,visual\face_house\houses\house8.3.jpg,0,0
600,visual\face_house\faces\Joe_3.jpg,1,1
601,visual\face_house\houses\house6.3.jpg,0,1
602,visual\face_house\houses\house4.3.jpg,0,1
603,visual\face_house\houses\house5.3.jpg,0,1
604,visual\face_house\faces\Joe_3.jpg,1,1
605,visual\face_house\faces\Don_3.jpg,1,1
606,visual\face_house\houses\house12.3.jpg,0,1
607,visual\face_house\houses\house7.3.jpg,0,1
608,visual\face_house\faces\Tim_3.jpg,1,1
609,visual\face_house\houses\house4.3.jpg,0,1
610,visual\face_house\houses\house10.3.jpg,0,1
611,visual\face_house\faces\Joe_3.jpg,1,1
612,visual\face_house\faces\Tom_3.jpg,1,1
613,visual\face_house\houses\house1.3.jpg,0,1
614,visual\face_house\houses\house8.3.jpg,0,1
615,visual\face_house\faces\Wallace_3.jpg,1,1
616,visual\face_house\houses\house2.3.jpg,0,1
617,visual\face_house\houses\house11.3.jpg,0,1
618,visual\face_house\faces\Joe_3.jpg,1,1
619,visual\face_house\houses\house9.3.jpg,0,1
620,visual\face_house\houses\house6.3.jpg,0,1
621,visual\face_house\houses\house8.3.jpg,0,1
622,visual\face_house\faces\Blake_3.jpg,1,1
623,visual\face_house\houses\house4.3.jpg,0,1
624,visual\face_house\faces\Jodi_3.jpg,1,0
625,visual\face_house\faces\Tom_3.jpg,1,1
626,visual\face_house\houses\house10.3.jpg,0,1
627,visual\face_house\faces\Estelle_3.jpg,1,0
628,visual\face_house\faces\Estelle_3.jpg,1,0
629,visual\face_house\houses\house4.3.jpg,0,0
630,visual\face_house\houses\house9.3.jpg,0,0
631,visual\face_house\houses\house8.3.jpg,0,0
632,visual\face_house\houses\house10.3.jpg,0,0
633,visual\face_house\houses\house9.3.jpg,0,0
634,visual\face_house\faces\Blake_3.jpg,1,1
635,visual\face_house\houses\house7.3.jpg,0,1
636,visual\face_house\houses\house3.3.jpg,0,1
637,visual\face_house\faces\Joan_3.jpg,1,0
638,visual\face_house\houses\house5.3.jpg,0,0
639,visual\face_house\faces\Janie_3.jpg,1,0
640,visual\face_house\houses\house2.3.jpg,0,0
641,visual\face_house\faces\Joan_3.jpg,1,0
642,visual\face_house\faces\Tom_3.jpg,1,1
643,visual\face_house\faces\Joan_3.jpg,1,0
644,visual\face_house\houses\house3.3.jpg,0,0
645,visual\face_house\faces\Annie_3.jpg,1,0
646,visual\face_house\faces\Joe_3.jpg,1,1
647,visual\face_house\faces\Joan_3.jpg,1,0
648,visual\face_house\houses\house8.3.jpg,0,0
649,visual\face_house\houses\house7.3.jpg,0,0
650,visual\face_house\faces\Jodi_3.jpg,1,0
651,visual\face_house\faces\Janie_3.jpg,1,0
652,visual\face_house\faces\Don_3.jpg,1,1
653,visual\face_house\faces\Tom_3.jpg,1,1
654,visual\face_house\houses\house12.3.jpg,0,1
655,visual\face_house\houses\house10.3.jpg,0,1
656,visual\face_house\houses\house4.3.jpg,0,1
657,visual\face_house\faces\Joe_3.jpg,1,1
658,visual\face_house\faces\Joan_3.jpg,1,0
659,visual\face_house\houses\house7.3.jpg,0,0
660,visual\face_house\houses\house8.3.jpg,0,0
661,visual\face_house\houses\house6.3.jpg,0,0
662,visual\face_house\faces\Annie_3.jpg,1,0
663,visual\face_house\faces\Blake_3.jpg,1,1
664,visual\face_house\faces\Joan_3.jpg,1,0
665,visual\face_house\houses\house1.3.jpg,0,0
666,visual\face_house\houses\house4.3.jpg,0,0
667,visual\face_house\houses\house11.3.jpg,0,0
668,visual\face_house\houses\house1.3.jpg,0,0
669,visual\face_house\houses\house2.3.jpg,0,0
670,visual\face_house\faces\Tim_3.jpg,1,1
671,visual\face_house\faces\Tom_3.jpg,1,1
672,visual\face_house\faces\Annie_3.jpg,1,0
673,visual\face_house\houses\house12.3.jpg,0,0
674,visual\face_house\houses\house1.3.jpg,0,0
675,visual\face_house\houses\house8.3.jpg,0,0
676,visual\face_house\houses\house9.3.jpg,0,0
677,visual\face_house\faces\Wallace_3.jpg,1,1
678,visual\face_house\faces\Wallace_3.jpg,1,1
679,visual\face_house\faces\Estelle_3.jpg,1,0
680,visual\face_house\houses\house4.3.jpg,0,0
681,visual\face_house\faces\Joan_3.jpg,1,0
682,visual\face_house\houses\house2.3.jpg,0,0
683,visual\face_house\houses\house2.3.jpg,0,0
684,visual\face_house\houses\house4.3.jpg,0,0
685,visual\face_house\houses\house11.3.jpg,0,0
686,visual\face_house\houses\house7.3.jpg,0,0
687,visual\face_house\houses\house7.3.jpg,0,0
688,visual\face_house\faces\Annie_3.jpg,1,0
689,visual\face_house\faces\Don_3.jpg,1,1
690,visual\face_house\houses\house8.3.jpg,0,1
691,visual\face_house\houses\house9.3.jpg,0,1
692,visual\face_house\faces\Frank_3.jpg,1,1
693,visual\face_house\houses\house4.3.jpg,0,1
694,visual\face_house\houses\house10.3.jpg,0,1
695,visual\face_house\houses\house7.3.jpg,0,1
696,visual\face_house\houses\house1.3.jpg,0,1
697,visual\face_house\houses\house7.3.jpg,0,1
698,visual\face_house\houses\house1.3.jpg,0,1
699,visual\face_house\houses\house1.3.jpg,0,1
700,visual\face_house\houses\house5.3.jpg,0,1
701,visual\face_house\houses\house6.3.jpg,0,1
702,visual\face_house\faces\Annie_3.jpg,1,0
703,visual\face_house\houses\house5.3.jpg,0,0
704,visual\face_house\houses\house8.3.jpg,0,0
705,visual\face_house\houses\house9.3.jpg,0,0
706,visual\face_house\faces\Don_3.jpg,1,1
707,visual\face_house\houses\house8.3.jpg,0,1
708,visual\face_house\houses\house5.3.jpg,0,1
709,visual\face_house\faces\Estelle_3.jpg,1,0
710,visual\face_house\faces\Tom_3.jpg,1,1
711,visual\face_house\houses\house11.3.jpg,0,1
712,visual\face_house\houses\house1.3.jpg,0,1
713,visual\face_house\faces\Wallace_3.jpg,1,1
714,visual\face_house\faces\Wallace_3.jpg,1,1
715,visual\face_house\houses\house12.3.jpg,0,1
716,visual\face_house\faces\Don_3.jpg,1,1
717,visual\face_house\faces\Joe_3.jpg,1,1
718,visual\face_house\faces\Blake_3.jpg,1,1
719,visual\face_house\houses\house2.3.jpg,0,1
720,visual\face_house\houses\house2.3.jpg,0,1
721,visual\face_house\faces\Joan_3.jpg,1,0
722,visual\face_house\faces\Annie_3.jpg,1,0
723,visual\face_house\faces\Estelle_3.jpg,1,0
724,visual\face_house\houses\house10.3.jpg,0,0
725,visual\face_house\faces\Jodi_3.jpg,1,0
726,visual\face_house\faces\Tom_3.jpg,1,1
727,visual\face_house\faces\Estelle_3.jpg,1,0
728,visual\face_house\faces\Annie_3.jpg,1,0
729,visual\face_house\houses\house10.3.jpg,0,0
730,visual\face_house\houses\house1.3.jpg,0,0
731,visual\face_house\faces\Joan_3.jpg,1,0
732,visual\face_house\houses\house10.3.jpg,0,0
733,visual\face_house\houses\house7.3.jpg,0,0
734,visual\face_house\houses\house10.3.jpg,0,0
735,visual\face_house\houses\house7.3.jpg,0,0
736,visual\face_house\houses\house9.3.jpg,0,0
737,visual\face_house\houses\house12.3.jpg,0,0
738,visual\face_house\houses\house11.3.jpg,0,0
739,visual\face_house\houses\house11.3.jpg,0,0
740,visual\face_house\faces\Tim_3.jpg,1,1
741,visual\face_house\faces\Janie_3.jpg,1,0
742,visual\face_house\houses\house4.3.jpg,0,0
743,visual\face_house\faces\Blake_3.jpg,1,1
744,visual\face_house\faces\Joe_3.jpg,1,1
745,visual\face_house\faces\Tim_3.jpg,1,1
746,visual\face_house\faces\Jodi_3.jpg,1,0
747,visual\face_house\faces\Frank_3.jpg,1,1
748,visual\face_house\faces\Wallace_3.jpg,1,1
749,visual\face_house\faces\Tim_3.jpg,1,1
750,visual\face_house\houses\house7.3.jpg,0,1
751,visual\face_house\houses\house11.3.jpg,0,1
752,visual\face_house\faces\Don_3.jpg,1,1
753,visual\face_house\houses\house8.3.jpg,0,1
754,visual\face_house\faces\Tim_3.jpg,1,1
755,visual\face_house\faces\Joe_3.jpg,1,1
756,visual\face_house\houses\house9.3.jpg,0,1
757,visual\face_house\faces\Joan_3.jpg,1,0
758,visual\face_house\faces\Frank_3.jpg,1,1
759,visual\face_house\faces\Wallace_3.jpg,1,1
760,visual\face_house\faces\Joe_3.jpg,1,1
761,visual\face_house\houses\house8.3.jpg,0,1
762,visual\face_house\houses\house4.3.jpg,0,1
763,visual\face_house\faces\Don_3.jpg,1,1
764,visual\face_house\faces\Jodi_3.jpg,1,0
765,visual\face_house\houses\house12.3.jpg,0,0
766,visual\face_house\houses\house7.3.jpg,0,0
767,visual\face_house\houses\house8.3.jpg,0,0
768,visual\face_house\houses\house4.3.jpg,0,0
769,visual\face_house\faces\Estelle_3.jpg,1,0
770,visual\face_house\faces\Tom_3.jpg,1,1
771,visual\face_house\faces\Jodi_3.jpg,1,0
772,visual\face_house\faces\Frank_3.jpg,1,1
773,visual\face_house\houses\house12.3.jpg,0,1
774,visual\face_house\houses\house12.3.jpg,0,1
775,visual\face_house\faces\Tom_3.jpg,1,1
776,visual\face_house\houses\house3.3.jpg,0,1
777,visual\face_house\houses\house4.3.jpg,0,1
778,visual\face_house\faces\Blake_3.jpg,1,1
779,visual\face_house\houses\house7.3.jpg,0,1
780,visual\face_house\houses\house10.3.jpg,0,1
781,visual\face_house\faces\Wallace_3.jpg,1,1
782,visual\face_house\faces\Jodi_3.jpg,1,0
783,visual\face_house\houses\house2.3.jpg,0,0
784,visual\face_house\houses\house1.3.jpg,0,0
785,visual\face_house\faces\Don_3.jpg,1,1
786,visual\face_house\faces\Estelle_3.jpg,1,0
787,visual\face_house\houses\house6.3.jpg,0,0
788,visual\face_house\houses\house10.3.jpg,0,0
789,visual\face_house\faces\Jodi_3.jpg,1,0
790,visual\face_house\houses\house3.3.jpg,0,0
791,visual\face_house\faces\Janie_3.jpg,1,0
792,visual\face_house\houses\house3.3.jpg,0,0
793,visual\face_house\houses\house10.3.jpg,0,0
794,visual\face_house\houses\house10.3.jpg,0,0
795,visual\face_house\houses\house3.3.jpg,0,0
796,visual\face_house\faces\Tim_3.jpg,1,1
797,visual\face_house\houses\house5.3.jpg,0,1
798,visual\face_house\houses\house3.3.jpg,0,1
799,visual\face_house\faces\Joe_3.jpg,1,1
800,visual\face_house\houses\house2.3.jpg,0,1
801,visual\face_house\houses\house11.3.jpg,0,1
802,visual\face_house\houses\house6.3.jpg,0,1
803,visual\face_house\faces\Janie_3.jpg,1,0
804,visual\face_house\houses\house9.3.jpg,0,0
805,visual\face_house\faces\Wallace_3.jpg,1,1
806,visual\face_house\faces\Annie_3.jpg,1,0
807,visual\face_house\faces\Annie_3.jpg,1,0
808,visual\face_house\houses\house10.3.jpg,0,0
809,visual\face_house\houses\house10.3.jpg,0,0
810,visual\face_house\houses\house10.3.jpg,0,0
811,visual\face_house\houses\house2.3.jpg,0,0
812,visual\face_house\faces\Joan_3.jpg,1,0
813,visual\face_house\faces\Annie_3.jpg,1,0
814,visual\face_house\faces\Wallace_3.jpg,1,1
815,visual\face_house\houses\house4.3.jpg,0,1
816,visual\face_house\faces\Blake_3.jpg,1,1
817,visual\face_house\houses\house12.3.jpg,0,1
818,visual\face_house\faces\Joan_3.jpg,1,0
819,visual\face_house\houses\house11.3.jpg,0,0
820,visual\face_house\faces\Blake_3.jpg,1,1
821,visual\face_house\houses\house8.3.jpg,0,1
822,visual\face_house\houses\house8.3.jpg,0,1
823,visual\face_house\faces\Joan_3.jpg,1,0
824,visual\face_house\houses\house5.3.jpg,0,0
825,visual\face_house\faces\Joan_3.jpg,1,0
826,visual\face_house\faces\Don_3.jpg,1,1
827,visual\face_house\faces\Tom_3.jpg,1,1
828,visual\face_house\houses\house3.3.jpg,0,1
829,visual\face_house\houses\house10.3.jpg,0,1
830,visual\face_house\faces\Frank_3.jpg,1,1
831,visual\face_house\faces\Wallace_3.jpg,1,1
832,visual\face_house\houses\house3.3.jpg,0,1
833,visual\face_house\houses\house8.3.jpg,0,1
834,visual\face_house\faces\Tim_3.jpg,1,1
835,visual\face_house\faces\Don_3.jpg,1,1
836,visual\face_house\houses\house6.3.jpg,0,1
837,visual\face_house\houses\house8.3.jpg,0,1
838,visual\face_house\faces\Annie_3.jpg,1,0
839,visual\face_house\houses\house11.3.jpg,0,0
840,visual\face_house\faces\Blake_3.jpg,1,1
841,visual\face_house\faces\Don_3.jpg,1,1
842,visual\face_house\houses\house7.3.jpg,0,1
843,visual\face_house\faces\Wallace_3.jpg,1,1
844,visual\face_house\houses\house4.3.jpg,0,1
845,visual\face_house\houses\house9.3.jpg,0,1
846,visual\face_house\faces\Wallace_3.jpg,1,1
847,visual\face_house\houses\house4.3.jpg,0,1
848,visual\face_house\houses\house1.3.jpg,0,1
849,visual\face_house\faces\Joe_3.jpg,1,1
850,visual\face_house\houses\house7.3.jpg,0,1
851,visual\face_house\faces\Joe_3.jpg,1,1
852,visual\face_house\houses\house8.3.jpg,0,1
853,visual\face_house\faces\Tom_3.jpg,1,1
854,visual\face_house\houses\house3.3.jpg,0,1
855,visual\face_house\houses\house12.3.jpg,0,1
856,visual\face_house\houses\house2.3.jpg,0,1
857,visual\face_house\houses\house9.3.jpg,0,1
858,visual\face_house\faces\Annie_3.jpg,1,0
859,visual\face_house\faces\Frank_3.jpg,1,1
860,visual\face_house\faces\Janie_3.jpg,1,0
861,visual\face_house\houses\house8.3.jpg,0,0
862,visual\face_house\faces\Tom_3.jpg,1,1
863,visual\face_house\houses\house9.3.jpg,0,1
864,visual\face_house\houses\house3.3.jpg,0,1
865,visual\face_house\houses\house2.3.jpg,0,1
866,visual\face_house\faces\Janie_3.jpg,1,0
867,visual\face_house\houses\house8.3.jpg,0,0
868,visual\face_house\houses\house10.3.jpg,0,0
869,visual\face_house\houses\house10.3.jpg,0,0
870,visual\face_house\faces\Don_3.jpg,1,1
871,visual\face_house\faces\Jodi_3.jpg,1,0
872,visual\face_house\faces\Joan_3.jpg,1,0
873,visual\face_house\faces\Tom_3.jpg,1,1
874,visual\face_house\faces\Joe_3.jpg,1,1
875,visual\face_house\faces\Tom_3.jpg,1,1
876,visual\face_house\faces\Janie_3.jpg,1,0
877,visual\face_house\houses\house3.3.jpg,0,0
878,visual\face_house\faces\Tim_3.jpg,1,1
879,visual\face_house\houses\house4.3.jpg,0,1
880,visual\face_house\houses\house3.3.jpg,0,1
881,visual\face_house\faces\Joan_3.jpg,1,0
882,visual\face_house\houses\house11.3.jpg,0,0
883,visual\face_house\faces\Janie_3.jpg,1,0
884,visual\face_house\faces\Joan_3.jpg,1,0
885,visual\face_house\faces\Joan_3.jpg,1,0
886,visual\face_house\faces\Joe_3.jpg,1,1
887,visual\face_house\faces\Tom_3.jpg,1,1
888,visual\face_house\faces\Wallace_3.jpg,1,1
889,visual\face_house\faces\Tim_3.jpg,1,1
890,visual\face_house\faces\Estelle_3.jpg,1,0
891,visual\face_house\faces\Jodi_3.jpg,1,0
892,visual\face_house\faces\Blake_3.jpg,1,1
893,visual\face_house\faces\Wallace_3.jpg,1,1
894,visual\face_house\faces\Joan_3.jpg,1,0
895,visual\face_house\faces\Wallace_3.jpg,1,1
896,visual\face_house\faces\Janie_3.jpg,1,0
897,visual\face_house\houses\house11.3.jpg,0,0
898,visual\face_house\faces\Frank_3.jpg,1,1
899,visual\face_house\faces\Joan_3.jpg,1,0
900,visual\face_house\faces\Don_3.jpg,1,1
901,visual\face_house\faces\Annie_3.jpg,1,0
902,visual\face_house\houses\house3.3.jpg,0,0
903,visual\face_house\houses\house5.3.jpg,0,0
904,visual\face_house\faces\Joan_3.jpg,1,0
905,visual\face_house\houses\house3.3.jpg,0,0
906,visual\face_house\faces\Annie_3.jpg,1,0
907,visual\face_house\houses\house9.3.jpg,0,0
908,visual\face_house\faces\Jodi_3.jpg,1,0
909,visual\face_house\faces\Annie_3.jpg,1,0
910,visual\face_house\houses\house12.3.jpg,0,0
911,visual\face_house\houses\house3.3.jpg,0,0
912,visual\face_house\houses\house5.3.jpg,0,0
913,visual\face_house\houses\house8.3.jpg,0,0
914,visual\face_house\houses\house7.3.jpg,0,0
915,visual\face_house\faces\Tim_3.jpg,1,1
916,visual\face_house\faces\Don_3.jpg,1,1
917,visual\face_house\faces\Estelle_3.jpg,1,0
918,visual\face_house\houses\house1.3.jpg,0,0
919,visual\face_house\faces\Tom_3.jpg,1,1
920,visual\face_house\faces\Tim_3.jpg,1,1
921,visual\face_house\houses\house2.3.jpg,0,1
922,visual\face_house\houses\house10.3.jpg,0,1
923,visual\face_house\houses\house2.3.jpg,0,1
924,visual\face_house\houses\house8.3.jpg,0,1
925,visual\face_house\faces\Annie_3.jpg,1,0
926,visual\face_house\houses\house11.3.jpg,0,0
927,visual\face_house\faces\Wallace_3.jpg,1,1
928,visual\face_house\faces\Don_3.jpg,1,1
929,visual\face_house\faces\Tom_3.jpg,1,1
930,visual\face_house\faces\Jodi_3.jpg,1,0
931,visual\face_house\faces\Joan_3.jpg,1,0
932,visual\face_house\faces\Janie_3.jpg,1,0
933,visual\face_house\faces\Estelle_3.jpg,1,0
934,visual\face_house\houses\house8.3.jpg,0,0
935,visual\face_house\faces\Blake_3.jpg,1,1
936,visual\face_house\faces\Frank_3.jpg,1,1
937,visual\face_house\houses\house11.3.jpg,0,1
938,visual\face_house\faces\Wallace_3.jpg,1,1
939,visual\face_house\faces\Janie_3.jpg,1,0
940,visual\face_house\faces\Don_3.jpg,1,1
941,visual\face_house\faces\Blake_3.jpg,1,1
942,visual\face_house\faces\Jodi_3.jpg,1,0
943,visual\face_house\faces\Annie_3.jpg,1,0
944,visual\face_house\houses\house7.3.jpg,0,0
945,visual\face_house\houses\house12.3.jpg,0,0
946,visual\face_house\faces\Janie_3.jpg,1,0
947,visual\face_house\faces\Tom_3.jpg,1,1
948,visual\face_house\faces\Tom_3.jpg,1,1
949,visual\face_house\faces\Frank_3.jpg,1,1
950,visual\face_house\houses\house5.3.jpg,0,1
951,visual\face_house\faces\Estelle_3.jpg,1,0
952,visual\face_house\faces\Janie_3.jpg,1,0
953,visual\face_house\houses\house11.3.jpg,0,0
954,visual\face_house\faces\Frank_3.jpg,1,1
955,visual\face_house\faces\Estelle_3.jpg,1,0
956,visual\face_house\faces\Tom_3.jpg,1,1
957,visual\face_house\houses\house6.3.jpg,0,1
958,visual\face_house\faces\Tim_3.jpg,1,1
959,visual\face_house\faces\Tom_3.jpg,1,1
960,visual\face_house\houses\house2.3.jpg,0,1
961,visual\face_house\faces\Joan_3.jpg,1,0
962,visual\face_house\faces\Jodi_3.jpg,1,0
963,visual\face_house\houses\house10.3.jpg,0,0
964,visual\face_house\houses\house9.3.jpg,0,0
965,visual\face_house\houses\house3.3.jpg,0,0
966,visual\face_house\houses\house8.3.jpg,0,0
967,visual\face_house\houses\house12.3.jpg,0,0
968,visual\face_house\faces\Tom_3.jpg,1,1
969,visual\face_house\houses\house1.3.jpg,0,1
970,visual\face_house\houses\house10.3.jpg,0,1
971,visual\face_house\faces\Don_3.jpg,1,1
972,visual\face_house\houses\house11.3.jpg,0,1
973,visual\face_house\faces\Estelle_3.jpg,1,0
974,visual\face_house\faces\Joan_3.jpg,1,0
975,visual\face_house\houses\house7.3.jpg,0,0
976,visual\face_house\faces\Estelle_3.jpg,1,0
977,visual\face_house\faces\Estelle_3.jpg,1,0
978,visual\face_house\faces\Joan_3.jpg,1,0
979,visual\face_house\faces\Joan_3.jpg,1,0
980,visual\face_house\faces\Joan_3.jpg,1,0
981,visual\face_house\houses\house10.3.jpg,0,0
982,visual\face_house\houses\house8.3.jpg,0,0
983,visual\face_house\houses\house4.3.jpg,0,0
984,visual\face_house\houses\house8.3.jpg,0,0
985,visual\face_house\faces\Don_3.jpg,1,1
986,visual\face_house\houses\house7.3.jpg,0,1
987,visual\face_house\faces\Janie_3.jpg,1,0
988,visual\face_house\faces\Janie_3.jpg,1,0
989,visual\face_house\houses\house8.3.jpg,0,0
990,visual\face_house\faces\Janie_3.jpg,1,0
991,visual\face_house\houses\house6.3.jpg,0,0
992,visual\face_house\faces\Estelle_3.jpg,1,0
993,visual\face_house\faces\Janie_3.jpg,1,0
994,visual\face_house\faces\Blake_3.jpg,1,1
995,visual\face_house\houses\house2.3.jpg,0,1
996,visual\face_house\faces\Don_3.jpg,1,1
997,visual\face_house\faces\Blake_3.jpg,1,1
998,visual\face_house\faces\Estelle_3.jpg,1,0
999,visual\face_house\houses\house7.3.jpg,0,0
1000,visual\face_house\houses\house9.3.jpg,0,0
1001,visual\face_house\faces\Annie_3.jpg,1,0
1002,visual\face_house\houses\house4.3.jpg,0,0
1003,visual\face_house\houses\house12.3.jpg,0,0
1004,visual\face_house\houses\house12.3.jpg,0,0
1005,visual\face_house\faces\Jodi_3.jpg,1,0
1006,visual\face_house\houses\house6.3.jpg,0,0
1007,visual\face_house\faces\Annie_3.jpg,1,0
1008,visual\face_house\houses\house6.3.jpg,0,0
1009,visual\face_house\houses\house11.3.jpg,0,0
1010,visual\face_house\houses\house2.3.jpg,0,0
1011,visual\face_house\faces\Tom_3.jpg,1,1
1012,visual\face_house\faces\Tom_3.jpg,1,1
1013,visual\face_house\houses\house6.3.jpg,0,1
1014,visual\face_house\houses\house6.3.jpg,0,1
1015,visual\face_house\faces\Tom_3.jpg,1,1
1016,visual\face_house\houses\house8.3.jpg,0,1
1017,visual\face_house\houses\house5.3.jpg,0,1
1018,visual\face_house\houses\house4.3.jpg,0,1
1019,visual\face_house\houses\house5.3.jpg,0,1
1020,visual\face_house\faces\Blake_3.jpg,1,1
1021,visual\face_house\houses\house11.3.jpg,0,1
1022,visual\face_house\faces\Janie_3.jpg,1,0
1023,visual\face_house\faces\Joan_3.jpg,1,0
1024,visual\face_house\houses\house10.3.jpg,0,0
1025,visual\face_house\houses\house9.3.jpg,0,0
1026,visual\face_house\houses\house2.3.jpg,0,0
1027,visual\face_house\houses\house5.3.jpg,0,0
1028,visual\face_house\houses\house7.3.jpg,0,0
1029,visual\face_house\houses\house8.3.jpg,0,0
1030,visual\face_house\houses\house4.3.jpg,0,0
1031,visual\face_house\faces\Wallace_3.jpg,1,1
1032,visual\face_house\houses\house3.3.jpg,0,1
1033,visual\face_house\faces\Joan_3.jpg,1,0
1034,visual\face_house\faces\Joan_3.jpg,1,0
1035,visual\face_house\faces\Janie_3.jpg,1,0
1036,visual\face_house\houses\house8.3.jpg,0,0
1037,visual\face_house\houses\house10.3.jpg,0,0
1038,visual\face_house\faces\Tom_3.jpg,1,1
1039,visual\face_house\faces\Frank_3.jpg,1,1
1040,visual\face_house\faces\Tom_3.jpg,1,1
1041,visual\face_house\faces\Janie_3.jpg,1,0
1042,visual\face_house\faces\Frank_3.jpg,1,1
1043,visual\face_house\faces\Frank_3.jpg,1,1
1044,visual\face_house\faces\Joan_3.jpg,1,0
1045,visual\face_house\faces\Blake_3.jpg,1,1
1046,visual\face_house\faces\Estelle_3.jpg,1,0
1047,visual\face_house\faces\Annie_3.jpg,1,0
1048,visual\face_house\houses\house5.3.jpg,0,0
1049,visual\face_house\faces\Estelle_3.jpg,1,0
1050,visual\face_house\faces\Blake_3.jpg,1,1
1051,visual\face_house\faces\Janie_3.jpg,1,0
1052,visual\face_house\houses\house7.3.jpg,0,0
1053,visual\face_house\houses\house8.3.jpg,0,0
1054,visual\face_house\houses\house5.3.jpg,0,0
1055,visual\face_house\faces\Wallace_3.jpg,1,1
1056,visual\face_house\faces\Wallace_3.jpg,1,1
1057,visual\face_house\houses\house12.3.jpg,0,1
1058,visual\face_house\faces\Annie_3.jpg,1,0
1059,visual\face_house\faces\Tom_3.jpg,1,1
1060,visual\face_house\faces\Tom_3.jpg,1,1
1061,visual\face_house\faces\Wallace_3.jpg,1,1
1062,visual\face_house\houses\house7.3.jpg,0,1
1063,visual\face_house\houses\house11.3.jpg,0,1
1064,visual\face_house\houses\house5.3.jpg,0,1
1065,visual\face_house\houses\house11.3.jpg,0,1
1066,visual\face_house\houses\house11.3.jpg,0,1
1067,visual\face_house\faces\Annie_3.jpg,1,0
1068,visual\face_house\houses\house2.3.jpg,0,0
1069,visual\face_house\faces\Janie_3.jpg,1,0
1070,visual\face_house\houses\house5.3.jpg,0,0
1071,visual\face_house\houses\house1.3.jpg,0,0
1072,visual\face_house\faces\Tom_3.jpg,1,1
1073,visual\face_house\faces\Wallace_3.jpg,1,1
1074,visual\face_house\faces\Blake_3.jpg,1,1
1075,visual\face_house\faces\Blake_3.jpg,1,1
1076,visual\face_house\houses\house10.3.jpg,0,1
1077,visual\face_house\faces\Joe_3.jpg,1,1
1078,visual\face_house\houses\house6.3.jpg,0,1
1079,visual\face_house\faces\Blake_3.jpg,1,1
1080,visual\face_house\faces\Don_3.jpg,1,1
1081,visual\face_house\faces\Tim_3.jpg,1,1
1082,visual\face_house\faces\Estelle_3.jpg,1,0
1083,visual\face_house\faces\Frank_3.jpg,1,1
1084,visual\face_house\faces\Janie_3.jpg,1,0
1085,visual\face_house\faces\Joan_3.jpg,1,0
1086,visual\face_house\faces\Blake_3.jpg,1,1
1087,visual\face_house\faces\Wallace_3.jpg,1,1
1088,visual\face_house\houses\house1.3.jpg,0,1
1089,visual\face_house\houses\house3.3.jpg,0,1
1090,visual\face_house\faces\Joe_3.jpg,1,1
1091,visual\face_house\faces\Joe_3.jpg,1,1
1092,visual\face_house\faces\Joan_3.jpg,1,0
1093,visual\face_house\houses\house9.3.jpg,0,0
1094,visual\face_house\houses\house12.3.jpg,0,0
1095,visual\face_house\faces\Estelle_3.jpg,1,0
1096,visual\face_house\faces\Estelle_3.jpg,1,0
1097,visual\face_house\faces\Joan_3.jpg,1,0
1098,visual\face_house\faces\Estelle_3.jpg,1,0
1099,visual\face_house\houses\house6.3.jpg,0,0
1100,visual\face_house\houses\house1.3.jpg,0,0
1101,visual\face_house\faces\Frank_3.jpg,1,1
1102,visual\face_house\faces\Jodi_3.jpg,1,0
1103,visual\face_house\houses\house10.3.jpg,0,0
1104,visual\face_house\faces\Joan_3.jpg,1,0
1105,visual\face_house\houses\house10.3.jpg,0,0
1106,visual\face_house\faces\Tom_3.jpg,1,1
1107,visual\face_house\faces\Joe_3.jpg,1,1
1108,visual\face_house\houses\house2.3.jpg,0,1
1109,visual\face_house\houses\house11.3.jpg,0,1
1110,visual\face_house\houses\house5.3.jpg,0,1
1111,visual\face_house\houses\house4.3.jpg,0,1
1112,visual\face_house\houses\house10.3.jpg,0,1
1113,visual\face_house\faces\Blake_3.jpg,1,1
1114,visual\face_house\faces\Estelle_3.jpg,1,0
1115,visual\face_house\houses\house1.3.jpg,0,0
1116,visual\face_house\houses\house11.3.jpg,0,0
1117,visual\face_house\faces\Jodi_3.jpg,1,0
1118,visual\face_house\faces\Blake_3.jpg,1,1
1119,visual\face_house\houses\house1.3.jpg,0,1
1120,visual\face_house\houses\house9.3.jpg,0,1
1121,visual\face_house\houses\house3.3.jpg,0,1
1122,visual\face_house\faces\Wallace_3.jpg,1,1
1123,visual\face_house\faces\Janie_3.jpg,1,0
1124,visual\face_house\faces\Janie_3.jpg,1,0
1125,visual\face_house\faces\Jodi_3.jpg,1,0
1126,visual\face_house\faces\Estelle_3.jpg,1,0
1127,visual\face_house\houses\house2.3.jpg,0,0
1128,visual\face_house\faces\Janie_3.jpg,1,0
1129,visual\face_house\houses\house10.3.jpg,0,0
1130,visual\face_house\faces\Blake_3.jpg,1,1
1131,visual\face_house\faces\Joe_3.jpg,1,1
1132,visual\face_house\faces\Frank_3.jpg,1,1
1133,visual\face_house\houses\house5.3.jpg,0,1
1134,visual\face_house\houses\house1.3.jpg,0,1
1135,visual\face_house\faces\Tim_3.jpg,1,1
1136,visual\face_house\houses\house6.3.jpg,0,1
1137,visual\face_house\houses\house6.3.jpg,0,1
1138,visual\face_house\faces\Don_3.jpg,1,1
1139,visual\face_house\houses\house10.3.jpg,0,1
1140,visual\face_house\faces\Janie_3.jpg,1,0
1141,visual\face_house\houses\house1.3.jpg,0,0
1142,visual\face_house\faces\Estelle_3.jpg,1,0
1143,visual\face_house\houses\house5.3.jpg,0,0
1144,visual\face_house\houses\house7.3.jpg,0,0
1145,visual\face_house\faces\Wallace_3.jpg,1,1
1146,visual\face_house\faces\Don_3.jpg,1,1
1147,visual\face_house\houses\house11.3.jpg,0,1
1148,visual\face_house\houses\house2.3.jpg,0,1
1149,visual\face_house\houses\house10.3.jpg,0,1
1150,visual\face_house\faces\Wallace_3.jpg,1,1
1151,visual\face_house\houses\house9.3.jpg,0,1
1152,visual\face_house\faces\Frank_3.jpg,1,1
1153,visual\face_house\houses\house3.3.jpg,0,1
1154,visual\face_house\faces\Jodi_3.jpg,1,0
1155,visual\face_house\houses\house9.3.jpg,0,0
1156,visual\face_house\houses\house12.3.jpg,0,0
1157,visual\face_house\faces\Joe_3.jpg,1,1
1158,visual\face_house\houses\house10.3.jpg,0,1
1159,visual\face_house\houses\house8.3.jpg,0,1
1160,visual\face_house\houses\house9.3.jpg,0,1
1161,visual\face_house\faces\Tom_3.jpg,1,1
1162,visual\face_house\houses\house8.3.jpg,0,1
1163,visual\face_house\faces\Estelle_3.jpg,1,0
1164,visual\face_house\faces\Estelle_3.jpg,1,0
1165,visual\face_house\houses\house6.3.jpg,0,0
1166,visual\face_house\faces\Don_3.jpg,1,1
1167,visual\face_house\houses\house5.3.jpg,0,1
1168,visual\face_house\houses\house4.3.jpg,0,1
1169,visual\face_house\faces\Don_3.jpg,1,1
1170,visual\face_house\houses\house3.3.jpg,0,1
1171,visual\face_house\faces\Joan_3.jpg,1,0
1172,visual\face_house\faces\Annie_3.jpg,1,0
1173,visual\face_house\houses\house12.3.jpg,0,0
1174,visual\face_house\houses\house9.3.jpg,0,0
1175,visual\face_house\houses\house11.3.jpg,0,0
1176,visual\face_house\houses\house6.3.jpg,0,0
1177,visual\face_house\faces\Tom_3.jpg,1,1
1178,visual\face_house\houses\house7.3.jpg,0,1
1179,visual\face_house\houses\house5.3.jpg,0,1
1180,visual\face_house\houses\house8.3.jpg,0,1
1181,visual\face_house\houses\house3.3.jpg,0,1
1182,visual\face_house\houses\house3.3.jpg,0,1
1183,visual\face_house\houses\house12.3.jpg,0,1
1184,visual\face_house\faces\Don_3.jpg,1,1
1185,visual\face_house\faces\Estelle_3.jpg,1,0
1186,visual\face_house\houses\house11.3.jpg,0,0
1187,visual\face_house\faces\Tim_3.jpg,1,1
1188,visual\face_house\faces\Annie_3.jpg,1,0
1189,visual\face_house\houses\house5.3.jpg,0,0
1190,visual\face_house\houses\house1.3.jpg,0,0
1191,visual\face_house\faces\Blake_3.jpg,1,1
1192,visual\face_house\houses\house1.3.jpg,0,1
1193,visual\face_house\houses\house9.3.jpg,0,1
1194,visual\face_house\faces\Tim_3.jpg,1,1
1195,visual\face_house\faces\Tom_3.jpg,1,1
1196,visual\face_house\houses\house6.3.jpg,0,1
1197,visual\face_house\houses\house9.3.jpg,0,1
1198,visual\face_house\houses\house7.3.jpg,0,1
1199,visual\face_house\houses\house2.3.jpg,0,1
1200,visual\face_house\houses\house3.3.jpg,0,1
1201,visual\face_house\faces\Tom_3.jpg,1,1
1202,visual\face_house\faces\Estelle_3.jpg,1,0
1203,visual\face_house\houses\house1.3.jpg,0,0
1204,visual\face_house\faces\Tim_3.jpg,1,1
1205,visual\face_house\faces\Don_3.jpg,1,1
1206,visual\face_house\houses\house5.3.jpg,0,1
1207,visual\face_house\faces\Joe_3.jpg,1,1
1208,visual\face_house\faces\Tim_3.jpg,1,1
1209,visual\face_house\houses\house3.3.jpg,0,1
1210,visual\face_house\faces\Joe_3.jpg,1,1
1211,visual\face_house\faces\Estelle_3.jpg,1,0
1212,visual\face_house\faces\Tim_3.jpg,1,1
1213,visual\face_house\faces\Tom_3.jpg,1,1
1214,visual\face_house\houses\house4.3.jpg,0,1
1215,visual\face_house\houses\house8.3.jpg,0,1
1216,visual\face_house\houses\house11.3.jpg,0,1
1217,visual\face_house\faces\Don_3.jpg,1,1
1218,visual\face_house\faces\Janie_3.jpg,1,0
1219,visual\face_house\faces\Tim_3.jpg,1,1
1220,visual\face_house\houses\house5.3.jpg,0,1
1221,visual\face_house\faces\Joan_3.jpg,1,0
1222,visual\face_house\faces\Joan_3.jpg,1,0
1223,visual\face_house\houses\house7.3.jpg,0,0
1224,visual\face_house\faces\Blake_3.jpg,1,1
1225,visual\face_house\houses\house3.3.jpg,0,1
1226,visual\face_house\houses\house7.3.jpg,0,1
1227,visual\face_house\faces\Annie_3.jpg,1,0
1228,visual\face_house\faces\Joe_3.jpg,1,1
1229,visual\face_house\faces\Blake_3.jpg,1,1
1230,visual\face_house\faces\Frank_3.jpg,1,1
1231,visual\face_house\faces\Wallace_3.jpg,1,1
1232,visual\face_house\faces\Janie_3.jpg,1,0
1233,visual\face_house\faces\Wallace_3.jpg,1,1
1234,visual\face_house\houses\house12.3.jpg,0,1
1235,visual\face_house\faces\Annie_3.jpg,1,0
1236,visual\face_house\faces\Wallace_3.jpg,1,1
1237,visual\face_house\houses\house10.3.jpg,0,1
1238,visual\face_house\houses\house11.3.jpg,0,1
1239,visual\face_house\houses\house7.3.jpg,0,1
1240,visual\face_house\houses\house11.3.jpg,0,1
1241,visual\face_house\faces\Wallace_3.jpg,1,1
1242,visual\face_house\houses\house8.3.jpg,0,1
1243,visual\face_house\houses\house8.3.jpg,0,1
1244,visual\face_house\houses\house10.3.jpg,0,1
1245,visual\face_house\faces\Tim_3.jpg,1,1
1246,visual\face_house\houses\house6.3.jpg,0,1
1247,visual\face_house\faces\Estelle_3.jpg,1,0
1248,visual\face_house\houses\house11.3.jpg,0,0
1249,visual\face_house\faces\Annie_3.jpg,1,0
1250,visual\face_house\houses\house1.3.jpg,0,0
1251,visual\face_house\faces\Frank_3.jpg,1,1
1252,visual\face_house\houses\house8.3.jpg,0,1
1253,visual\face_house\houses\house7.3.jpg,0,1
1254,visual\face_house\faces\Tim_3.jpg,1,1
1255,visual\face_house\faces\Jodi_3.jpg,1,0
1256,visual\face_house\houses\house6.3.jpg,0,0
1257,visual\face_house\faces\Tom_3.jpg,1,1
1258,visual\face_house\houses\house3.3.jpg,0,1
1259,visual\face_house\faces\Wallace_3.jpg,1,1
1260,visual\face_house\houses\house11.3.jpg,0,1
1261,visual\face_house\houses\house2.3.jpg,0,1
1262,visual\face_house\houses\house12.3.jpg,0,1
1263,visual\face_house\faces\Wallace_3.jpg,1,1
1264,visual\face_house\faces\Joe_3.jpg,1,1
1265,visual\face_house\houses\house11.3.jpg,0,1
1266,visual\face_house\faces\Janie_3.jpg,1,0
1267,visual\face_house\houses\house10.3.jpg,0,0
1268,visual\face_house\houses\house10.3.jpg,0,0
1269,visual\face_house\faces\Frank_3.jpg,1,1
1270,visual\face_house\houses\house8.3.jpg,0,1
1271,visual\face_house\houses\house5.3.jpg,0,1
1272,visual\face_house\faces\Frank_3.jpg,1,1
1273,visual\face_house\houses\house6.3.jpg,0,1
1274,visual\face_house\faces\Janie_3.jpg,1,0
1275,visual\face_house\houses\house1.3.jpg,0,0
1276,visual\face_house\faces\Janie_3.jpg,1,0
1277,visual\face_house\faces\Tom_3.jpg,1,1
1278,visual\face_house\faces\Blake_3.jpg,1,1
1279,visual\face_house\houses\house4.3.jpg,0,1
1280,visual\face_house\faces\Joe_3.jpg,1,1
1281,visual\face_house\faces\Tom_3.jpg,1,1
1282,visual\face_house\faces\Wallace_3.jpg,1,1
1283,visual\face_house\faces\Tim_3.jpg,1,1
1284,visual\face_house\faces\Joan_3.jpg,1,0
1285,visual\face_house\houses\house9.3.jpg,0,0
1286,visual\face_house\faces\Don_3.jpg,1,1
1287,visual\face_house\houses\house10.3.jpg,0,1
1288,visual\face_house\faces\Blake_3.jpg,1,1
1289,visual\face_house\faces\Joan_3.jpg,1,0
1290,visual\face_house\houses\house12.3.jpg,0,0
1291,visual\face_house\faces\Jodi_3.jpg,1,0
1292,visual\face_house\faces\Tom_3.jpg,1,1
1293,visual\face_house\faces\Janie_3.jpg,1,0
1294,visual\face_house\houses\house6.3.jpg,0,0
1295,visual\face_house\houses\house12.3.jpg,0,0
1296,visual\face_house\houses\house10.3.jpg,0,0
1297,visual\face_house\faces\Estelle_3.jpg,1,0
1298,visual\face_house\faces\Don_3.jpg,1,1
1299,visual\face_house\faces\Frank_3.jpg,1,1
1300,visual\face_house\houses\house7.3.jpg,0,1
1301,visual\face_house\houses\house8.3.jpg,0,1
1302,visual\face_house\faces\Annie_3.jpg,1,0
1303,visual\face_house\houses\house5.3.jpg,0,0
1304,visual\face_house\faces\Frank_3.jpg,1,1
1305,visual\face_house\houses\house8.3.jpg,0,1
1306,visual\face_house\faces\Frank_3.jpg,1,1
1307,visual\face_house\houses\house12.3.jpg,0,1
1308,visual\face_house\houses\house11.3.jpg,0,1
1309,visual\face_house\houses\house1.3.jpg,0,1
1310,visual\face_house\faces\Jodi_3.jpg,1,0
1311,visual\face_house\faces\Blake_3.jpg,1,1
1312,visual\face_house\houses\house8.3.jpg,0,1
1313,visual\face_house\faces\Frank_3.jpg,1,1
1314,visual\face_house\faces\Tom_3.jpg,1,1
1315,visual\face_house\faces\Estelle_3.jpg,1,0
1316,visual\face_house\houses\house5.3.jpg,0,0
1317,visual\face_house\houses\house10.3.jpg,0,0
1318,visual\face_house\faces\Tom_3.jpg,1,1
1319,visual\face_house\faces\Estelle_3.jpg,1,0
1320,visual\face_house\faces\Jodi_3.jpg,1,0
1321,visual\face_house\houses\house1.3.jpg,0,0
1322,visual\face_house\houses\house8.3.jpg,0,0
1323,visual\face_house\houses\house6.3.jpg,0,0
1324,visual\face_house\houses\house10.3.jpg,0,0
1325,visual\face_house\faces\Estelle_3.jpg,1,0
1326,visual\face_house\houses\house4.3.jpg,0,0
1327,visual\face_house\faces\Annie_3.jpg,1,0
1328,visual\face_house\faces\Wallace_3.jpg,1,1
1329,visual\face_house\faces\Tim_3.jpg,1,1
1330,visual\face_house\faces\Jodi_3.jpg,1,0
1331,visual\face_house\faces\Janie_3.jpg,1,0
1332,visual\face_house\houses\house4.3.jpg,0,0
1333,visual\face_house\houses\house4.3.jpg,0,0
1334,visual\face_house\houses\house7.3.jpg,0,0
1335,visual\face_house\houses\house4.3.jpg,0,0
1336,visual\face_house\faces\Estelle_3.jpg,1,0
1337,visual\face_house\faces\Jodi_3.jpg,1,0
1338,visual\face_house\faces\Tim_3.jpg,1,1
1339,visual\face_house\houses\house2.3.jpg,0,1
1340,visual\face_house\faces\Annie_3.jpg,1,0
1341,visual\face_house\faces\Jodi_3.jpg,1,0
1342,visual\face_house\houses\house12.3.jpg,0,0
1343,visual\face_house\houses\house3.3.jpg,0,0
1344,visual\face_house\faces\Joe_3.jpg,1,1
1345,visual\face_house\faces\Don_3.jpg,1,1
1346,visual\face_house\houses\house9.3.jpg,0,1
1347,visual\face_house\houses\house9.3.jpg,0,1
1348,visual\face_house\faces\Don_3.jpg,1,1
1349,visual\face_house\houses\house9.3.jpg,0,1
1350,visual\face_house\houses\house8.3.jpg,0,1
1351,visual\face_house\faces\Don_3.jpg,1,1
1352,visual\face_house\faces\Estelle_3.jpg,1,0
1353,visual\face_house\faces\Estelle_3.jpg,1,0
1354,visual\face_house\houses\house4.3.jpg,0,0
1355,visual\face_house\faces\Don_3.jpg,1,1
1356,visual\face_house\faces\Joe_3.jpg,1,1
1357,visual\face_house\faces\Blake_3.jpg,1,1
1358,visual\face_house\faces\Jodi_3.jpg,1,0
1359,visual\face_house\houses\house11.3.jpg,0,0
1360,visual\face_house\faces\Tim_3.jpg,1,1
1361,visual\face_house\houses\house7.3.jpg,0,1
1362,visual\face_house\faces\Estelle_3.jpg,1,0
1363,visual\face_house\faces\Tom_3.jpg,1,1
1364,visual\face_house\faces\Tom_3.jpg,1,1
1365,visual\face_house\faces\Frank_3.jpg,1,1
1366,visual\face_house\houses\house11.3.jpg,0,1
1367,visual\face_house\faces\Tim_3.jpg,1,1
1368,visual\face_house\faces\Janie_3.jpg,1,0
1369,visual\face_house\houses\house3.3.jpg,0,0
1370,visual\face_house\faces\Joe_3.jpg,1,1
1371,visual\face_house\faces\Janie_3.jpg,1,0
1372,visual\face_house\houses\house9.3.jpg,0,0
1373,visual\face_house\faces\Frank_3.jpg,1,1
1374,visual\face_house\faces\Annie_3.jpg,1,0
1375,visual\face_house\faces\Tom_3.jpg,1,1
1376,visual\face_house\faces\Tom_3.jpg,1,1
1377,visual\face_house\houses\house1.3.jpg,0,1
1378,visual\face_house\faces\Estelle_3.jpg,1,0
1379,visual\face_house\faces\Janie_3.jpg,1,0
1380,visual\face_house\houses\house2.3.jpg,0,0
1381,visual\face_house\faces\Don_3.jpg,1,1
1382,visual\face_house\faces\Don_3.jpg,1,1
1383,visual\face_house\houses\house10.3.jpg,0,1
1384,visual\face_house\faces\Joe_3.jpg,1,1
1385,visual\face_house\houses\house7.3.jpg,0,1
1386,visual\face_house\houses\house10.3.jpg,0,1
1387,visual\face_house\faces\Frank_3.jpg,1,1
1388,visual\face_house\houses\house6.3.jpg,0,1
1389,visual\face_house\houses\house9.3.jpg,0,1
1390,visual\face_house\faces\Tim_3.jpg,1,1
1391,visual\face_house\faces\Estelle_3.jpg,1,0
1392,visual\face_house\houses\house5.3.jpg,0,0
1393,visual\face_house\faces\Joan_3.jpg,1,0
1394,visual\face_house\houses\house1.3.jpg,0,0
1395,visual\face_house\houses\house12.3.jpg,0,0
1396,visual\face_house\faces\Joe_3.jpg,1,1
1397,visual\face_house\faces\Don_3.jpg,1,1
1398,visual\face_house\faces\Joe_3.jpg,1,1
1399,visual\face_house\faces\Tom_3.jpg,1,1
1400,visual\face_house\houses\house7.3.jpg,0,1
1401,visual\face_house\houses\house2.3.jpg,0,1
1402,visual\face_house\faces\Annie_3.jpg,1,0
1403,visual\face_house\houses\house1.3.jpg,0,0
1404,visual\face_house\houses\house4.3.jpg,0,0
1405,visual\face_house\faces\Blake_3.jpg,1,1
1406,visual\face_house\faces\Don_3.jpg,1,1
1407,visual\face_house\faces\Annie_3.jpg,1,0
1408,visual\face_house\houses\house8.3.jpg,0,0
1409,visual\face_house\faces\Janie_3.jpg,1,0
1410,visual\face_house\houses\house10.3.jpg,0,0
1411,visual\face_house\faces\Joan_3.jpg,1,0
1412,visual\face_house\houses\house3.3.jpg,0,0
1413,visual\face_house\houses\house9.3.jpg,0,0
1414,visual\face_house\houses\house3.3.jpg,0,0
1415,visual\face_house\faces\Tim_3.jpg,1,1
1416,visual\face_house\houses\house7.3.jpg,0,1
1417,visual\face_house\houses\house10.3.jpg,0,1
1418,visual\face_house\faces\Jodi_3.jpg,1,0
1419,visual\face_house\faces\Estelle_3.jpg,1,0
1420,visual\face_house\houses\house3.3.jpg,0,0
1421,visual\face_house\houses\house12.3.jpg,0,0
1422,visual\face_house\houses\house12.3.jpg,0,0
1423,visual\face_house\faces\Jodi_3.jpg,1,0
1424,visual\face_house\houses\house5.3.jpg,0,0
1425,visual\face_house\faces\Joan_3.jpg,1,0
1426,visual\face_house\houses\house5.3.jpg,0,0
1427,visual\face_house\houses\house4.3.jpg,0,0
1428,visual\face_house\houses\house3.3.jpg,0,0
1429,visual\face_house\houses\house1.3.jpg,0,0
1430,visual\face_house\houses\house9.3.jpg,0,0
1431,visual\face_house\houses\house11.3.jpg,0,0
1432,visual\face_house\houses\house2.3.jpg,0,0
1433,visual\face_house\faces\Joe_3.jpg,1,1
1434,visual\face_house\houses\house6.3.jpg,0,1
1435,visual\face_house\houses\house11.3.jpg,0,1
1436,visual\face_house\houses\house1.3.jpg,0,1
1437,visual\face_house\faces\Jodi_3.jpg,1,0
1438,visual\face_house\houses\house11.3.jpg,0,0
1439,visual\face_house\houses\house8.3.jpg,0,0
1440,visual\face_house\faces\Blake_3.jpg,1,1
1441,visual\face_house\faces\Tom_3.jpg,1,1
1442,visual\face_house\faces\Jodi_3.jpg,1,0
1443,visual\face_house\faces\Joe_3.jpg,1,1
1444,visual\face_house\houses\house2.3.jpg,0,1
1445,visual\face_house\houses\house6.3.jpg,0,1
1446,visual\face_house\faces\Don_3.jpg,1,1
1447,visual\face_house\faces\Blake_3.jpg,1,1
1448,visual\face_house\faces\Joan_3.jpg,1,0
1449,visual\face_house\faces\Blake_3.jpg,1,1
1450,visual\face_house\faces\Joan_3.jpg,1,0
1451,visual\face_house\faces\Joan_3.jpg,1,0
1452,visual\face_house\houses\house3.3.jpg,0,0
1453,visual\face_house\faces\Frank_3.jpg,1,1
1454,visual\face_house\houses\house5.3.jpg,0,1
1455,visual\face_house\houses\house11.3.jpg,0,1
1456,visual\face_house\houses\house4.3.jpg,0,1
1457,visual\face_house\faces\Janie_3.jpg,1,0
1458,visual\face_house\houses\house5.3.jpg,0,0
1459,visual\face_house\faces\Wallace_3.jpg,1,1
1460,visual\face_house\houses\house9.3.jpg,0,1
1461,visual\face_house\houses\house6.3.jpg,0,1
1462,visual\face_house\faces\Joe_3.jpg,1,1
1463,visual\face_house\faces\Annie_3.jpg,1,0
1464,visual\face_house\faces\Tom_3.jpg,1,1
1465,visual\face_house\faces\Joan_3.jpg,1,0
1466,visual\face_house\faces\Frank_3.jpg,1,1
1467,visual\face_house\faces\Joe_3.jpg,1,1
1468,visual\face_house\faces\Jodi_3.jpg,1,0
1469,visual\face_house\faces\Annie_3.jpg,1,0
1470,visual\face_house\houses\house5.3.jpg,0,0
1471,visual\face_house\houses\house2.3.jpg,0,0
1472,visual\face_house\houses\house3.3.jpg,0,0
1473,visual\face_house\faces\Annie_3.jpg,1,0
1474,visual\face_house\houses\house5.3.jpg,0,0
1475,visual\face_house\faces\Frank_3.jpg,1,1
1476,visual\face_house\faces\Don_3.jpg,1,1
1477,visual\face_house\faces\Blake_3.jpg,1,1
1478,visual\face_house\houses\house8.3.jpg,0,1
1479,visual\face_house\houses\house11.3.jpg,0,1
1480,visual\face_house\faces\Tom_3.jpg,1,1
1481,visual\face_house\faces\Tom_3.jpg,1,1
1482,visual\face_house\houses\house2.3.jpg,0,1
1483,visual\face_house\houses\house10.3.jpg,0,1
1484,visual\face_house\faces\Tom_3.jpg,1,1
1485,visual\face_house\houses\house2.3.jpg,0,1
1486,visual\face_house\faces\Estelle_3.jpg,1,0
1487,visual\face_house\houses\house3.3.jpg,0,0
1488,visual\face_house\houses\house2.3.jpg,0,0
1489,visual\face_house\faces\Blake_3.jpg,1,1
1490,visual\face_house\faces\Don_3.jpg,1,1
1491,visual\face_house\faces\Don_3.jpg,1,1
1492,visual\face_house\houses\house12.3.jpg,0,1
1493,visual\face_house\faces\Jodi_3.jpg,1,0
1494,visual\face_house\houses\house12.3.jpg,0,0
1495,visual\face_house\houses\house5.3.jpg,0,0
1496,visual\face_house\houses\house12.3.jpg,0,0
1497,visual\face_house\faces\Janie_3.jpg,1,0
1498,visual\face_house\houses\house12.3.jpg,0,0
1499,visual\face_house\houses\house2.3.jpg,0,0
1500,visual\face_house\faces\Don_3.jpg,1,1
1501,visual\face_house\houses\house2.3.jpg,0,1
1502,visual\face_house\houses\house1.3.jpg,0,1
1503,visual\face_house\houses\house9.3.jpg,0,1
1504,visual\face_house\faces\Tim_3.jpg,1,1
1505,visual\face_house\houses\house6.3.jpg,0,1
1506,visual\face_house\faces\Annie_3.jpg,1,0
1507,visual\face_house\faces\Tom_3.jpg,1,1
1508,visual\face_house\faces\Don_3.jpg,1,1
1509,visual\face_house\houses\house11.3.jpg,0,1
1510,visual\face_house\faces\Jodi_3.jpg,1,0
1511,visual\face_house\houses\house10.3.jpg,0,0
1512,visual\face_house\houses\house8.3.jpg,0,0
1513,visual\face_house\houses\house11.3.jpg,0,0
1514,visual\face_house\faces\Tim_3.jpg,1,1
1515,visual\face_house\faces\Jodi_3.jpg,1,0
1516,visual\face_house\faces\Tom_3.jpg,1,1
1517,visual\face_house\faces\Blake_3.jpg,1,1
1518,visual\face_house\houses\house1.3.jpg,0,1
1519,visual\face_house\faces\Annie_3.jpg,1,0
1520,visual\face_house\faces\Jodi_3.jpg,1,0
1521,visual\face_house\houses\house8.3.jpg,0,0
1522,visual\face_house\houses\house7.3.jpg,0,0
1523,visual\face_house\faces\Tim_3.jpg,1,1
1524,visual\face_house\houses\house11.3.jpg,0,1
1525,visual\face_house\houses\house10.3.jpg,0,1
1526,visual\face_house\faces\Don_3.jpg,1,1
1527,visual\face_house\faces\Frank_3.jpg,1,1
1528,visual\face_house\houses\house3.3.jpg,0,1
1529,visual\face_house\faces\Don_3.jpg,1,1
1530,visual\face_house\faces\Frank_3.jpg,1,1
1531,visual\face_house\faces\Joan_3.jpg,1,0
1532,visual\face_house\houses\house5.3.jpg,0,0
1533,visual\face_house\faces\Annie_3.jpg,1,0
1534,visual\face_house\faces\Frank_3.jpg,1,1
1535,visual\face_house\faces\Estelle_3.jpg,1,0
1536,visual\face_house\faces\Frank_3.jpg,1,1
1537,visual\face_house\faces\Joe_3.jpg,1,1
1538,visual\face_house\houses\house12.3.jpg,0,1
1539,visual\face_house\houses\house10.3.jpg,0,1
1540,visual\face_house\faces\Blake_3.jpg,1,1
1541,visual\face_house\faces\Annie_3.jpg,1,0
1542,visual\face_house\houses\house9.3.jpg,0,0
1543,visual\face_house\faces\Estelle_3.jpg,1,0
1544,visual\face_house\houses\house11.3.jpg,0,0
1545,visual\face_house\faces\Tim_3.jpg,1,1
1546,visual\face_house\houses\house6.3.jpg,0,1
1547,visual\face_house\houses\house4.3.jpg,0,1
1548,visual\face_house\houses\house6.3.jpg,0,1
1549,visual\face_house\faces\Wallace_3.jpg,1,1
1550,visual\face_house\faces\Frank_3.jpg,1,1
1551,visual\face_house\houses\house9.3.jpg,0,1
1552,visual\face_house\faces\Jodi_3.jpg,1,0
1553,visual\face_house\faces\Tom_3.jpg,1,1
1554,visual\face_house\houses\house1.3.jpg,0,1
1555,visual\face_house\houses\house12.3.jpg,0,1
1556,visual\face_house\faces\Blake_3.jpg,1,1
1557,visual\face_house\houses\house10.3.jpg,0,1
1558,visual\face_house\faces\Don_3.jpg,1,1
1559,visual\face_house\faces\Tom_3.jpg,1,1
1560,visual\face_house\faces\Tim_3.jpg,1,1
1561,visual\face_house\faces\Joe_3.jpg,1,1
1562,visual\face_house\houses\house11.3.jpg,0,1
1563,visual\face_house\houses\house12.3.jpg,0,1
1564,visual\face_house\faces\Joe_3.jpg,1,1
1565,visual\face_house\houses\house4.3.jpg,0,1
1566,visual\face_house\faces\Estelle_3.jpg,1,0
1567,visual\face_house\houses\house10.3.jpg,0,0
1568,visual\face_house\faces\Frank_3.jpg,1,1
1569,visual\face_house\houses\house12.3.jpg,0,1
1570,visual\face_house\faces\Blake_3.jpg,1,1
1571,visual\face_house\houses\house12.3.jpg,0,1
1572,visual\face_house\houses\house3.3.jpg,0,1
1573,visual\face_house\houses\house2.3.jpg,0,1
1574,visual\face_house\faces\Don_3.jpg,1,1
1575,visual\face_house\faces\Janie_3.jpg,1,0
1576,visual\face_house\houses\house7.3.jpg,0,0
1577,visual\face_house\houses\house1.3.jpg,0,0
1578,visual\face_house\houses\house6.3.jpg,0,0
1579,visual\face_house\houses\house3.3.jpg,0,0
1580,visual\face_house\faces\Blake_3.jpg,1,1
1581,visual\face_house\houses\house5.3.jpg,0,1
1582,visual\face_house\faces\Joan_3.jpg,1,0
1583,visual\face_house\faces\Wallace_3.jpg,1,1
1584,visual\face_house\faces\Blake_3.jpg,1,1
1585,visual\face_house\houses\house12.3.jpg,0,1
1586,visual\face_house\houses\house9.3.jpg,0,1
1587,visual\face_house\faces\Joe_3.jpg,1,1
1588,visual\face_house\faces\Joan_3.jpg,1,0
1589,visual\face_house\houses\house12.3.jpg,0,0
1590,visual\face_house\faces\Jodi_3.jpg,1,0
1591,visual\face_house\houses\house3.3.jpg,0,0
1592,visual\face_house\faces\Annie_3.jpg,1,0
1593,visual\face_house\houses\house4.3.jpg,0,0
1594,visual\face_house\faces\Joe_3.jpg,1,1
1595,visual\face_house\houses\house3.3.jpg,0,1
1596,visual\face_house\houses\house3.3.jpg,0,1
1597,visual\face_house\faces\Blake_3.jpg,1,1
1598,visual\face_house\faces\Jodi_3.jpg,1,0
1599,visual\face_house\houses\house8.3.jpg,0,0
1600,visual\face_house\houses\house6.3.jpg,0,0
1601,visual\face_house\houses\house4.3.jpg,0,0
1602,visual\face_house\faces\Annie_3.jpg,1,0
1603,visual\face_house\faces\Don_3.jpg,1,1
1604,visual\face_house\faces\Annie_3.jpg,1,0
1605,visual\face_house\faces\Annie_3.jpg,1,0
1606,visual\face_house\faces\Frank_3.jpg,1,1
1607,visual\face_house\houses\house12.3.jpg,0,1
1608,visual\face_house\houses\house9.3.jpg,0,1
1609,visual\face_house\houses\house11.3.jpg,0,1
1610,visual\face_house\houses\house5.3.jpg,0,1
1611,visual\face_house\faces\Jodi_3.jpg,1,0
1612,visual\face_house\houses\house10.3.jpg,0,0
1613,visual\face_house\faces\Frank_3.jpg,1,1
1614,visual\face_house\faces\Janie_3.jpg,1,0
1615,visual\face_house\houses\house9.3.jpg,0,0
1616,visual\face_house\faces\Blake_3.jpg,1,1
1617,visual\face_house\faces\Blake_3.jpg,1,1
1618,visual\face_house\houses\house1.3.jpg,0,1
1619,visual\face_house\faces\Estelle_3.jpg,1,0
1620,visual\face_house\houses\house2.3.jpg,0,0
1621,visual\face_house\houses\house6.3.jpg,0,0
1622,visual\face_house\houses\house4.3.jpg,0,0
1623,visual\face_house\faces\Tom_3.jpg,1,1
1624,visual\face_house\faces\Blake_3.jpg,1,1
1625,visual\face_house\houses\house10.3.jpg,0,1
1626,visual\face_house\faces\Joan_3.jpg,1,0
1627,visual\face_house\houses\house9.3.jpg,0,0
1628,visual\face_house\houses\house2.3.jpg,0,0
1629,visual\face_house\houses\house11.3.jpg,0,0
1630,visual\face_house\houses\house10.3.jpg,0,0
1631,visual\face_house\houses\house3.3.jpg,0,0
1632,visual\face_house\faces\Joe_3.jpg,1,1
1633,visual\face_house\faces\Annie_3.jpg,1,0
1634,visual\face_house\faces\Blake_3.jpg,1,1
1635,visual\face_house\houses\house6.3.jpg,0,1
1636,visual\face_house\houses\house11.3.jpg,0,1
1637,visual\face_house\houses\house6.3.jpg,0,1
1638,visual\face_house\faces\Annie_3.jpg,1,0
1639,visual\face_house\houses\house12.3.jpg,0,0
1640,visual\face_house\faces\Joe_3.jpg,1,1
1641,visual\face_house\houses\house12.3.jpg,0,1
1642,visual\face_house\houses\house9.3.jpg,0,1
1643,visual\face_house\houses\house8.3.jpg,0,1
1644,visual\face_house\faces\Tim_3.jpg,1,1
1645,visual\face_house\houses\house3.3.jpg,0,1
1646,visual\face_house\faces\Joe_3.jpg,1,1
1647,visual\face_house\faces\Estelle_3.jpg,1,0
1648,visual\face_house\faces\Wallace_3.jpg,1,1
1649,visual\face_house\faces\Joe_3.jpg,1,1
1650,visual\face_house\houses\house5.3.jpg,0,1
1651,visual\face_house\faces\Jodi_3.jpg,1,0
1652,visual\face_house\houses\house3.3.jpg,0,0
1653,visual\face_house\houses\house9.3.jpg,0,0
1654,visual\face_house\houses\house1.3.jpg,0,0
1655,visual\face_house\faces\Jodi_3.jpg,1,0
1656,visual\face_house\faces\Joe_3.jpg,1,1
1657,visual\face_house\houses\house6.3.jpg,0,1
1658,visual\face_house\houses\house11.3.jpg,0,1
1659,visual\face_house\faces\Jodi_3.jpg,1,0
1660,visual\face_house\houses\house2.3.jpg,0,0
1661,visual\face_house\faces\Tom_3.jpg,1,1
1662,visual\face_house\houses\house1.3.jpg,0,1
1663,visual\face_house\faces\Wallace_3.jpg,1,1
1664,visual\face_house\faces\Estelle_3.jpg,1,0
1665,visual\face_house\faces\Wallace_3.jpg,1,1
1666,visual\face_house\houses\house4.3.jpg,0,1
1667,visual\face_house\houses\house11.3.jpg,0,1
1668,visual\face_house\houses\house2.3.jpg,0,1
1669,visual\face_house\houses\house10.3.jpg,0,1
1670,visual\face_house\houses\house1.3.jpg,0,1
1671,visual\face_house\houses\house2.3.jpg,0,1
1672,visual\face_house\faces\Tim_3.jpg,1,1
1673,visual\face_house\houses\house6.3.jpg,0,1
1674,visual\face_house\houses\house7.3.jpg,0,1
1675,visual\face_house\faces\Tom_3.jpg,1,1
1676,visual\face_house\faces\Frank_3.jpg,1,1
1677,visual\face_house\houses\house10.3.jpg,0,1
1678,visual\face_house\faces\Wallace_3.jpg,1,1
1679,visual\face_house\houses\house4.3.jpg,0,1
1680,visual\face_house\houses\house11.3.jpg,0,1
1681,visual\face_house\houses\house2.3.jpg,0,1
1682,visual\face_house\faces\Frank_3.jpg,1,1
1683,visual\face_house\faces\Annie_3.jpg,1,0
1684,visual\face_house\faces\Joan_3.jpg,1,0
1685,visual\face_house\faces\Jodi_3.jpg,1,0
1686,visual\face_house\faces\Don_3.jpg,1,1
1687,visual\face_house\faces\Tom_3.jpg,1,1
1688,visual\face_house\faces\Joe_3.jpg,1,1
1689,visual\face_house\houses\house12.3.jpg,0,1
1690,visual\face_house\faces\Tom_3.jpg,1,1
1691,visual\face_house\houses\house2.3.jpg,0,1
1692,visual\face_house\houses\house3.3.jpg,0,1
1693,visual\face_house\houses\house6.3.jpg,0,1
1694,visual\face_house\faces\Don_3.jpg,1,1
1695,visual\face_house\faces\Joe_3.jpg,1,1
1696,visual\face_house\faces\Don_3.jpg,1,1
1697,visual\face_house\houses\house12.3.jpg,0,1
1698,visual\face_house\faces\Jodi_3.jpg,1,0
1699,visual\face_house\houses\house9.3.jpg,0,0
1700,visual\face_house\houses\house8.3.jpg,0,0
1701,visual\face_house\houses\house9.3.jpg,0,0
1702,visual\face_house\houses\house9.3.jpg,0,0
1703,visual\face_house\houses\house8.3.jpg,0,0
1704,visual\face_house\houses\house2.3.jpg,0,0
1705,visual\face_house\houses\house7.3.jpg,0,0
1706,visual\face_house\faces\Joe_3.jpg,1,1
1707,visual\face_house\faces\Blake_3.jpg,1,1
1708,visual\face_house\faces\Annie_3.jpg,1,0
1709,visual\face_house\faces\Janie_3.jpg,1,0
1710,visual\face_house\houses\house1.3.jpg,0,0
1711,visual\face_house\houses\house4.3.jpg,0,0
1712,visual\face_house\faces\Joan_3.jpg,1,0
1713,visual\face_house\faces\Joan_3.jpg,1,0
1714,visual\face_house\faces\Joan_3.jpg,1,0
1715,visual\face_house\faces\Tim_3.jpg,1,1
1716,visual\face_house\faces\Don_3.jpg,1,1
1717,visual\face_house\faces\Janie_3.jpg,1,0
1718,visual\face_house\faces\Joan_3.jpg,1,0
1719,visual\face_house\faces\Estelle_3.jpg,1,0
1720,visual\face_house\faces\Frank_3.jpg,1,1
1721,visual\face_house\houses\house12.3.jpg,0,1
1722,visual\face_house\faces\Don_3.jpg,1,1
1723,visual\face_house\faces\Tom_3.jpg,1,1
1724,visual\face_house\houses\house4.3.jpg,0,1
1725,visual\face_house\houses\house1.3.jpg,0,1
1726,visual\face_house\faces\Wallace_3.jpg,1,1
1727,visual\face_house\houses\house7.3.jpg,0,1
1728,visual\face_house\faces\Tom_3.jpg,1,1
1729,visual\face_house\houses\house4.3.jpg,0,1
1730,visual\face_house\houses\house6.3.jpg,0,1
1731,visual\face_house\faces\Tim_3.jpg,1,1
1732,visual\face_house\houses\house12.3.jpg,0,1
1733,visual\face_house\faces\Joan_3.jpg,1,0
1734,visual\face_house\houses\house1.3.jpg,0,0
1735,visual\face_house\houses\house8.3.jpg,0,0
1736,visual\face_house\houses\house9.3.jpg,0,0
1737,visual\face_house\houses\house11.3.jpg,0,0
1738,visual\face_house\houses\house11.3.jpg,0,0
1739,visual\face_house\houses\house11.3.jpg,0,0
1740,visual\face_house\faces\Tom_3.jpg,1,1
1741,visual\face_house\faces\Janie_3.jpg,1,0
1742,visual\face_house\faces\Joe_3.jpg,1,1
1743,visual\face_house\houses\house6.3.jpg,0,1
1744,visual\face_house\houses\house7.3.jpg,0,1
1745,visual\face_house\houses\house6.3.jpg,0,1
1746,visual\face_house\houses\house7.3.jpg,0,1
1747,visual\face_house\faces\Joe_3.jpg,1,1
1748,visual\face_house\houses\house3.3.jpg,0,1
1749,visual\face_house\faces\Joe_3.jpg,1,1
1750,visual\face_house\faces\Jodi_3.jpg,1,0
1751,visual\face_house\faces\Tim_3.jpg,1,1
1752,visual\face_house\faces\Tim_3.jpg,1,1
1753,visual\face_house\faces\Janie_3.jpg,1,0
1754,visual\face_house\houses\house10.3.jpg,0,0
1755,visual\face_house\faces\Blake_3.jpg,1,1
1756,visual\face_house\houses\house1.3.jpg,0,1
1757,visual\face_house\houses\house10.3.jpg,0,1
1758,visual\face_house\faces\Frank_3.jpg,1,1
1759,visual\face_house\houses\house7.3.jpg,0,1
1760,visual\face_house\faces\Wallace_3.jpg,1,1
1761,visual\face_house\houses\house4.3.jpg,0,1
1762,visual\face_house\faces\Blake_3.jpg,1,1
1763,visual\face_house\faces\Joe_3.jpg,1,1
1764,visual\face_house\houses\house7.3.jpg,0,1
1765,visual\face_house\houses\house10.3.jpg,0,1
1766,visual\face_house\faces\Frank_3.jpg,1,1
1767,visual\face_house\houses\house1.3.jpg,0,1
1768,visual\face_house\houses\house11.3.jpg,0,1
1769,visual\face_house\faces\Joan_3.jpg,1,0
1770,visual\face_house\houses\house6.3.jpg,0,0
1771,visual\face_house\houses\house12.3.jpg,0,0
1772,visual\face_house\houses\house3.3.jpg,0,0
1773,visual\face_house\houses\house8.3.jpg,0,0
1774,visual\face_house\faces\Annie_3.jpg,1,0
1775,visual\face_house\faces\Joan_3.jpg,1,0
1776,visual\face_house\houses\house1.3.jpg,0,0
1777,visual\face_house\houses\house12.3.jpg,0,0
1778,visual\face_house\houses\house4.3.jpg,0,0
1779,visual\face_house\faces\Joe_3.jpg,1,1
1780,visual\face_house\faces\Estelle_3.jpg,1,0
1781,visual\face_house\houses\house1.3.jpg,0,0
1782,visual\face_house\faces\Tom_3.jpg,1,1
1783,visual\face_house\faces\Frank_3.jpg,1,1
1784,visual\face_house\faces\Tim_3.jpg,1,1
1785,visual\face_house\houses\house12.3.jpg,0,1
1786,visual\face_house\houses\house8.3.jpg,0,1
1787,visual\face_house\faces\Frank_3.jpg,1,1
1788,visual\face_house\houses\house6.3.jpg,0,1
1789,visual\face_house\faces\Tim_3.jpg,1,1
1790,visual\face_house\faces\Estelle_3.jpg,1,0
1791,visual\face_house\faces\Estelle_3.jpg,1,0
1792,visual\face_house\houses\house6.3.jpg,0,0
1793,visual\face_house\faces\Janie_3.jpg,1,0
1794,visual\face_house\faces\Blake_3.jpg,1,1
1795,visual\face_house\houses\house2.3.jpg,0,1
1796,visual\face_house\faces\Estelle_3.jpg,1,0
1797,visual\face_house\faces\Tim_3.jpg,1,1
1798,visual\face_house\faces\Tom_3.jpg,1,1
1799,visual\face_house\faces\Wallace_3.jpg,1,1
1800,visual\face_house\faces\Tim_3.jpg,1,1
1801,visual\face_house\houses\house9.3.jpg,0,1
1802,visual\face_house\faces\Frank_3.jpg,1,1
1803,visual\face_house\houses\house4.3.jpg,0,1
1804,visual\face_house\faces\Don_3.jpg,1,1
1805,visual\face_house\houses\house11.3.jpg,0,1
1806,visual\face_house\houses\house6.3.jpg,0,1
1807,visual\face_house\houses\house9.3.jpg,0,1
1808,visual\face_house\houses\house2.3.jpg,0,1
1809,visual\face_house\houses\house9.3.jpg,0,1
1810,visual\face_house\faces\Wallace_3.jpg,1,1
1811,visual\face_house\houses\house3.3.jpg,0,1
1812,visual\face_house\faces\Jodi_3.jpg,1,0
1813,visual\face_house\faces\Jodi_3.jpg,1,0
1814,visual\face_house\houses\house5.3.jpg,0,0
1815,visual\face_house\faces\Wallace_3.jpg,1,1
1816,visual\face_house\houses\house3.3.jpg,0,1
1817,visual\face_house\houses\house6.3.jpg,0,1
1818,visual\face_house\faces\Wallace_3.jpg,1,1
1819,visual\face_house\houses\house6.3.jpg,0,1
1820,visual\face_house\faces\Janie_3.jpg,1,0
1821,visual\face_house\houses\house5.3.jpg,0,0
1822,visual\face_house\faces\Tim_3.jpg,1,1
1823,visual\face_house\faces\Frank_3.jpg,1,1
1824,visual\face_house\faces\Blake_3.jpg,1,1
1825,visual\face_house\houses\house12.3.jpg,0,1
1826,visual\face_house\faces\Don_3.jpg,1,1
1827,visual\face_house\houses\house3.3.jpg,0,1
1828,visual\face_house\houses\house4.3.jpg,0,1
1829,visual\face_house\houses\house8.3.jpg,0,1
1830,visual\face_house\faces\Frank_3.jpg,1,1
1831,visual\face_house\houses\house9.3.jpg,0,1
1832,visual\face_house\faces\Tim_3.jpg,1,1
1833,visual\face_house\faces\Joe_3.jpg,1,1
1834,visual\face_house\houses\house11.3.jpg,0,1
1835,visual\face_house\houses\house4.3.jpg,0,1
1836,visual\face_house\faces\Don_3.jpg,1,1
1837,visual\face_house\houses\house6.3.jpg,0,1
1838,visual\face_house\faces\Annie_3.jpg,1,0
1839,visual\face_house\faces\Estelle_3.jpg,1,0
1840,visual\face_house\faces\Estelle_3.jpg,1,0
1841,visual\face_house\houses\house3.3.jpg,0,0
1842,visual\face_house\houses\house2.3.jpg,0,0
1843,visual\face_house\houses\house12.3.jpg,0,0
1844,visual\face_house\faces\Tim_3.jpg,1,1
1845,visual\face_house\houses\house7.3.jpg,0,1
1846,visual\face_house\houses\house11.3.jpg,0,1
1847,visual\face_house\faces\Joan_3.jpg,1,0
1848,visual\face_house\houses\house5.3.jpg,0,0
1849,visual\face_house\faces\Annie_3.jpg,1,0
1850,visual\face_house\faces\Tom_3.jpg,1,1
1851,visual\face_house\houses\house7.3.jpg,0,1
1852,visual\face_house\faces\Janie_3.jpg,1,0
1853,visual\face_house\faces\Don_3.jpg,1,1
1854,visual\face_house\faces\Joan_3.jpg,1,0
1855,visual\face_house\faces\Janie_3.jpg,1,0
1856,visual\face_house\houses\house1.3.jpg,0,0
1857,visual\face_house\houses\house10.3.jpg,0,0
1858,visual\face_house\houses\house8.3.jpg,0,0
1859,visual\face_house\faces\Frank_3.jpg,1,1
1860,visual\face_house\houses\house8.3.jpg,0,1
1861,visual\face_house\houses\house3.3.jpg,0,1
1862,visual\face_house\houses\house2.3.jpg,0,1
1863,visual\face_house\faces\Tim_3.jpg,1,1
1864,visual\face_house\faces\Wallace_3.jpg,1,1
1865,visual\face_house\faces\Wallace_3.jpg,1,1
1866,visual\face_house\faces\Blake_3.jpg,1,1
1867,visual\face_house\houses\house1.3.jpg,0,1
1868,visual\face_house\houses\house11.3.jpg,0,1
1869,visual\face_house\houses\house4.3.jpg,0,1
1870,visual\face_house\houses\house11.3.jpg,0,1
1871,visual\face_house\faces\Joan_3.jpg,1,0
1872,visual\face_house\houses\house6.3.jpg,0,0
1873,visual\face_house\faces\Estelle_3.jpg,1,0
1874,visual\face_house\houses\house3.3.jpg,0,0
1875,visual\face_house\faces\Annie_3.jpg,1,0
1876,visual\face_house\houses\house12.3.jpg,0,0
1877,visual\face_house\faces\Janie_3.jpg,1,0
1878,visual\face_house\faces\Blake_3.jpg,1,1
1879,visual\face_house\houses\house9.3.jpg,0,1
1880,visual\face_house\faces\Blake_3.jpg,1,1
1881,visual\face_house\faces\Jodi_3.jpg,1,0
1882,visual\face_house\faces\Wallace_3.jpg,1,1
1883,visual\face_house\houses\house12.3.jpg,0,1
1884,visual\face_house\faces\Joan_3.jpg,1,0
1885,visual\face_house\faces\Estelle_3.jpg,1,0
1886,visual\face_house\faces\Jodi_3.jpg,1,0
1887,visual\face_house\faces\Estelle_3.jpg,1,0
1888,visual\face_house\houses\house11.3.jpg,0,0
1889,visual\face_house\faces\Blake_3.jpg,1,1
1890,visual\face_house\houses\house11.3.jpg,0,1
1891,visual\face_house\houses\house3.3.jpg,0,1
1892,visual\face_house\houses\house8.3.jpg,0,1
1893,visual\face_house\faces\Blake_3.jpg,1,1
1894,visual\face_house\faces\Wallace_3.jpg,1,1
1895,visual\face_house\faces\Joan_3.jpg,1,0
1896,visual\face_house\houses\house1.3.jpg,0,0
1897,visual\face_house\houses\house6.3.jpg,0,0
1898,visual\face_house\faces\Jodi_3.jpg,1,0
1899,visual\face_house\houses\house5.3.jpg,0,0
1900,visual\face_house\houses\house2.3.jpg,0,0
1901,visual\face_house\houses\house3.3.jpg,0,0
1902,visual\face_house\houses\house4.3.jpg,0,0
1903,visual\face_house\houses\house7.3.jpg,0,0
1904,visual\face_house\houses\house9.3.jpg,0,0
1905,visual\face_house\faces\Joan_3.jpg,1,0
1906,visual\face_house\faces\Blake_3.jpg,1,1
1907,visual\face_house\houses\house11.3.jpg,0,1
1908,visual\face_house\faces\Frank_3.jpg,1,1
1909,visual\face_house\houses\house9.3.jpg,0,1
1910,visual\face_house\houses\house5.3.jpg,0,1
1911,visual\face_house\faces\Tim_3.jpg,1,1
1912,visual\face_house\houses\house11.3.jpg,0,1
1913,visual\face_house\faces\Tim_3.jpg,1,1
1914,visual\face_house\houses\house1.3.jpg,0,1
1915,visual\face_house\houses\house2.3.jpg,0,1
1916,visual\face_house\houses\house11.3.jpg,0,1
1917,visual\face_house\faces\Annie_3.jpg,1,0
1918,visual\face_house\houses\house12.3.jpg,0,0
1919,visual\face_house\faces\Annie_3.jpg,1,0
1920,visual\face_house\faces\Joan_3.jpg,1,0
1921,visual\face_house\faces\Tim_3.jpg,1,1
1922,visual\face_house\faces\Janie_3.jpg,1,0
1923,visual\face_house\faces\Tom_3.jpg,1,1
1924,visual\face_house\faces\Wallace_3.jpg,1,1
1925,visual\face_house\houses\house6.3.jpg,0,1
1926,visual\face_house\houses\house9.3.jpg,0,1
1927,visual\face_house\houses\house2.3.jpg,0,1
1928,visual\face_house\faces\Joan_3.jpg,1,0
1929,visual\face_house\houses\house4.3.jpg,0,0
1930,visual\face_house\faces\Janie_3.jpg,1,0
1931,visual\face_house\faces\Tim_3.jpg,1,1
1932,visual\face_house\houses\house12.3.jpg,0,1
1933,visual\face_house\houses\house6.3.jpg,0,1
1934,visual\face_house\faces\Don_3.jpg,1,1
1935,visual\face_house\houses\house1.3.jpg,0,1
1936,visual\face_house\houses\house9.3.jpg,0,1
1937,visual\face_house\faces\Frank_3.jpg,1,1
1938,visual\face_house\houses\house1.3.jpg,0,1
1939,visual\face_house\faces\Tim_3.jpg,1,1
1940,visual\face_house\houses\house9.3.jpg,0,1
1941,visual\face_house\faces\Wallace_3.jpg,1,1
1942,visual\face_house\houses\house11.3.jpg,0,1
1943,visual\face_house\houses\house9.3.jpg,0,1
1944,visual\face_house\houses\house8.3.jpg,0,1
1945,visual\face_house\faces\Annie_3.jpg,1,0
1946,visual\face_house\faces\Frank_3.jpg,1,1
1947,visual\face_house\houses\house7.3.jpg,0,1
1948,visual\face_house\houses\house2.3.jpg,0,1
1949,visual\face_house\houses\house12.3.jpg,0,1
1950,visual\face_house\faces\Annie_3.jpg,1,0
1951,visual\face_house\houses\house2.3.jpg,0,0
1952,visual\face_house\houses\house4.3.jpg,0,0
1953,visual\face_house\faces\Tom_3.jpg,1,1
1954,visual\face_house\houses\house5.3.jpg,0,1
1955,visual\face_house\houses\house9.3.jpg,0,1
1956,visual\face_house\faces\Joe_3.jpg,1,1
1957,visual\face_house\faces\Joe_3.jpg,1,1
1958,visual\face_house\houses\house10.3.jpg,0,1
1959,visual\face_house\faces\Estelle_3.jpg,1,0
1960,visual\face_house\houses\house9.3.jpg,0,0
1961,visual\face_house\houses\house12.3.jpg,0,0
1962,visual\face_house\faces\Annie_3.jpg,1,0
1963,visual\face_house\faces\Joan_3.jpg,1,0
1964,visual\face_house\faces\Wallace_3.jpg,1,1
1965,visual\face_house\houses\house2.3.jpg,0,1
1966,visual\face_house\faces\Wallace_3.jpg,1,1
1967,visual\face_house\houses\house6.3.jpg,0,1
1968,visual\face_house\faces\Tim_3.jpg,1,1
1969,visual\face_house\faces\Estelle_3.jpg,1,0
1970,visual\face_house\houses\house2.3.jpg,0,0
1971,visual\face_house\faces\Tim_3.jpg,1,1
1972,visual\face_house\faces\Annie_3.jpg,1,0
1973,visual\face_house\faces\Wallace_3.jpg,1,1
1974,visual\face_house\houses\house5.3.jpg,0,1
1975,visual\face_house\faces\Annie_3.jpg,1,0
1976,visual\face_house\houses\house8.3.jpg,0,0
1977,visual\face_house\houses\house12.3.jpg,0,0
1978,visual\face_house\houses\house1.3.jpg,0,0
1979,visual\face_house\faces\Frank_3.jpg,1,1
1980,visual\face_house\faces\Tom_3.jpg,1,1
1981,visual\face_house\houses\house5.3.jpg,0,1
1982,visual\face_house\houses\house4.3.jpg,0,1
1983,visual\face_house\houses\house6.3.jpg,0,1
1984,visual\face_house\houses\house4.3.jpg,0,1
1985,visual\face_house\houses\house9.3.jpg,0,1
1986,visual\face_house\houses\house2.3.jpg,0,1
1987,visual\face_house\faces\Tim_3.jpg,1,1
1988,visual\face_house\faces\Frank_3.jpg,1,1
1989,visual\face_house\faces\Don_3.jpg,1,1
1990,visual\face_house\houses\house3.3.jpg,0,1
1991,visual\face_house\faces\Blake_3.jpg,1,1
1992,visual\face_house\houses\house11.3.jpg,0,1
1993,visual\face_house\faces\Blake_3.jpg,1,1
1994,visual\face_house\faces\Estelle_3.jpg,1,0
1995,visual\face_house\faces\Janie_3.jpg,1,0
1996,visual\face_house\houses\house8.3.jpg,0,0
1997,visual\face_house\faces\Joe_3.jpg,1,1
1998,visual\face_house\houses\house9.3.jpg,0,1
1999,visual\face_house\faces\Blake_3.jpg,1,1
2000,visual\face_house\faces\Wallace_3.jpg,1,1
2001,visual\face_house\houses\house12.3.jpg,0,1
2002,visual\face_house\houses\house2.3.jpg,0,1
2003,visual\face_house\houses\house11.3.jpg,0,1
2004,visual\face_house\faces\Blake_3.jpg,1,1
2005,visual\face_house\houses\house10.3.jpg,0,1
2006,visual\face_house\faces\Tom_3.jpg,1,1
2007,visual\face_house\houses\house2.3.jpg,0,1
2008,visual\face_house\faces\Estelle_3.jpg,1,0
2009,visual\face_house\houses\house11.3.jpg,0,0
